_id,algoname,clientID,symbol,realised,unrealised,sum,balance
655d75dc0bc4ecf4b936e2a5,Rfut,B1700057,BANKNIFTY23NOVFUT,-6414,0,-6414,5000000
655d75dc0bc4ecf4b936e2a6,Rfut,D9550016,BANKNIFTY23NOVFUT,-6522.75,0,-6522.75,1600000
655d75dc0bc4ecf4b936e2a7,NiftyFUT,D9550016,NIFTY23NOVFUT,0,13872.5,13872.5,1600000
655d75dc0bc4ecf4b936e2a8,NiftyFUT,D8460002,NIFTY23NOVFUT,0,27715,27715,2700000
655d75dc0bc4ecf4b936e2a9,NiftyFUT,B1700057,NIFTY23NOVFUT,0,41534.5,41534.5,5000000
655d75dc0bc4ecf4b936e2aa,NiftyFUT,D7730022,NIFTY23NOVFUT,0,27615,27615,650000
655d75dc0bc4ecf4b936e2ab,zMarginManager_D9550016,D9550016,BANKNIFTY22NOV2341400PE,0,-279,-279,1600000
655d75dc0bc4ecf4b936e2ac,DRB_N,D7730022,NIFTY23NOV2319700PE,3687.5,0,3687.5,650000
655d75dc0bc4ecf4b936e2ad,DRB_N,D8460002,NIFTY23NOV2319700PE,3687.5,0,3687.5,2700000
655d75dc0bc4ecf4b936e2ae,DRB_N,D9550016,NIFTY23NOV2319700PE,3665,0,3665,1600000
655d75dc0bc4ecf4b936e2af,DRBS_N,B1700057,NIFTY23NOV2319700PE,0,547.5,547.5,5000000
655d75dc0bc4ecf4b936e2b0,DRB_N,D7730022,NIFTY23NOV2319850CE,3042.5,0,3042.5,650000
655d75dc0bc4ecf4b936e2b1,DRB_N,D9550016,NIFTY23NOV2319850CE,3037.5,0,3037.5,1600000
655d75dc0bc4ecf4b936e2b2,DRB_N,D8460002,NIFTY23NOV2319850CE,3030,0,3030,2700000
655d75dd0bc4ecf4b936e2b3,DRBS_N,B1700057,NIFTY23NOV2319800CE,0,3685,3685,5000000
655d75dd0bc4ecf4b936e2b4,MagicPair,D9550012,NIFTY23NOV2319750PE,0,-347.5,-347.5,3000000
655d75dd0bc4ecf4b936e2b5,MagicPair,D7730022,NIFTY23NOV2319750PE,0,-347.5,-347.5,650000
655d75dd0bc4ecf4b936e2b6,MagicPair,B1700057,NIFTY23NOV2319750PE,0,-350,-350,5000000
655d75dd0bc4ecf4b936e2b7,MagicPair,D9550012,NIFTY23NOV2319750CE,0,6070,6070,3000000
655d75dd0bc4ecf4b936e2b8,MagicPair,D7730022,NIFTY23NOV2319750CE,0,6077.5,6077.5,650000
655d75dd0bc4ecf4b936e2b9,MagicPair,B1700057,NIFTY23NOV2319750CE,0,6087.5,6087.5,5000000
655d75dd0bc4ecf4b936e2ba,DRB_N,D9550016,NIFTY23NOV2319750PE,0,-655,-655,1600000
655d75dd0bc4ecf4b936e2bb,DRB_N,D7730022,NIFTY23NOV2319750PE,0,-647.5,-647.5,650000
655d75dd0bc4ecf4b936e2bc,DRB_N,D8460002,NIFTY23NOV2319750PE,0,-635,-635,2700000
655d75dd0bc4ecf4b936e2bd,DRBS_N,B1700057,NIFTY23NOV2319750PE,392.5,0,392.5,5000000
655d75dd0bc4ecf4b936e2be,DRBS_BN,B1700057,BANKNIFTY22NOV2343600CE,16137,0,16137,5000000
655d75dd0bc4ecf4b936e2bf,2CCFilterVRFBN,B1700057,BANKNIFTY22NOV2343500CE,2235,0,2235,5000000
655d75dd0bc4ecf4b936e2c0,2CCFilterVRFBN,D8460002,BANKNIFTY22NOV2343500CE,2250.75,0,2250.75,2700000
655d75dd0bc4ecf4b936e2c1,2CCFilterVRFBN,D7730022,BANKNIFTY22NOV2343500CE,2244,0,2244,650000
655d75dd0bc4ecf4b936e2c2,DRBS_N,B1700057,NIFTY23NOV2319750CE,0,2212.5,2212.5,5000000
655d75dd0bc4ecf4b936e2c3,2CCBHiLoBN,D8460002,BANKNIFTY22NOV2343700CE,7383.3,0,7383.3,2700000
655d75dd0bc4ecf4b936e2c4,2CCBHiLoBN,D7730022,BANKNIFTY22NOV2343700CE,7371,0,7371,650000
655d75dd0bc4ecf4b936e2c5,2CCBHiLoBN,D9550016,BANKNIFTY22NOV2343700CE,7368,0,7368,1600000
655d75dd0bc4ecf4b936e2c6,2BHiLoBNDy,B1700057,BANKNIFTY22NOV2343700CE,14542.2,0,14542.2,5000000
655d75dd0bc4ecf4b936e2c7,2BHLBN,D8460002,BANKNIFTY22NOV2343700CE,7270.5,0,7270.5,2700000
655d75dd0bc4ecf4b936e2c8,2BHiLoBNDy,D7730008,BANKNIFTY22NOV2343700CE,7300.5,0,7300.5,2000000
655d75dd0bc4ecf4b936e2c9,2BHLBN,D7730022,BANKNIFTY22NOV2343700CE,7257,0,7257,650000
655d75dd0bc4ecf4b936e2ca,2BHiLoBNDy,D9550002,BANKNIFTY22NOV2343700CE,7261.5,0,7261.5,2400000
655d75dd0bc4ecf4b936e2cb,2BHiLoBNDy,D8460007,BANKNIFTY22NOV2343700CE,7262.7,0,7262.7,1700000
655d75dd0bc4ecf4b936e2cc,2BHiLoBNDy,D9550012,BANKNIFTY22NOV2343700CE,7260,0,7260,3000000
655d75dd0bc4ecf4b936e2cd,2BHiLoBNDy,D7730007,BANKNIFTY22NOV2343700CE,7258.5,0,7258.5,1800000
655d75dd0bc4ecf4b936e2ce,2BHiLoBNDy,D8460002,BANKNIFTY22NOV2343700CE,14558.1,0,14558.1,2700000
655d75dd0bc4ecf4b936e2cf,MagicPair,D7730022,NIFTY23NOV2318650PE,0,-65,-65,650000
655d75dd0bc4ecf4b936e2d0,MagicPair,D9550012,NIFTY23NOV2318650PE,0,-65,-65,3000000
655d75dd0bc4ecf4b936e2d1,MagicPair,B1700057,NIFTY23NOV2318650PE,0,-65,-65,5000000
655d75dd0bc4ecf4b936e2d2,MTRS_3C,B1700057,BANKNIFTY22NOV2343700CE,9565.5,0,9565.5,5000000
655d75dd0bc4ecf4b936e2d3,MTRS_3C,D8460002,BANKNIFTY22NOV2343700CE,9571.5,0,9571.5,2700000
655d75dd0bc4ecf4b936e2d4,MagicRS,D8460007,BANKNIFTY22NOV2343500PE,148.5,0,148.5,1700000
655d75dd0bc4ecf4b936e2d5,MagicRS,D0151150,BANKNIFTY22NOV2343500PE,124.5,0,124.5,900000
655d75dd0bc4ecf4b936e2d6,MagicRS,D9550005,BANKNIFTY22NOV2343500PE,113.7,0,113.7,1000000
655d75dd0bc4ecf4b936e2d7,MagicRS,B1700057,BANKNIFTY22NOV2343500PE,270,0,270,5000000
655d75dd0bc4ecf4b936e2d8,MagicRS,D9550016,BANKNIFTY22NOV2343500PE,144,0,144,1600000
655d75dd0bc4ecf4b936e2d9,MagicRS,D7730004,BANKNIFTY22NOV2343500PE,128.55,0,128.55,900000
655d75dd0bc4ecf4b936e2da,MagicRS,D9550004,BANKNIFTY22NOV2343500PE,112.5,0,112.5,1000000
655d75dd0bc4ecf4b936e2db,MagicRS,D0350354,BANKNIFTY22NOV2343500PE,133.5,0,133.5,600000
655d75dd0bc4ecf4b936e2dc,MagicRS,D9550014,BANKNIFTY22NOV2343500PE,160.5,0,160.5,600000
655d75dd0bc4ecf4b936e2dd,MagicRS,D7730022,BANKNIFTY22NOV2343500PE,290.4,0,290.4,650000
655d75dd0bc4ecf4b936e2de,MagicRS,D8460003,BANKNIFTY22NOV2343500PE,111,0,111,900000
655d75dd0bc4ecf4b936e2df,MagicRS,D8460004,BANKNIFTY22NOV2343500PE,186,0,186,600000
655d75dd0bc4ecf4b936e2e0,MagicRS,D7730010,BANKNIFTY22NOV2343500PE,96.75,0,96.75,600000
655d75dd0bc4ecf4b936e2e1,MagicRS,D7730008,BANKNIFTY22NOV2343500PE,178.5,0,178.5,2000000
655d75dd0bc4ecf4b936e2e2,MagicRS,D9550002,BANKNIFTY22NOV2343500PE,178.5,0,178.5,2400000
655d75dd0bc4ecf4b936e2e3,MagicRS,D9550006,BANKNIFTY22NOV2343500PE,192.75,0,192.75,900000
655d75dd0bc4ecf4b936e2e4,MagicRS,D9550017,BANKNIFTY22NOV2343500PE,109.5,0,109.5,1000000
655d75dd0bc4ecf4b936e2e5,MagicRS,D7730012,BANKNIFTY22NOV2343500PE,196.5,0,196.5,600000
655d75dd0bc4ecf4b936e2e6,MagicRS,D9550011,BANKNIFTY22NOV2343500PE,102,0,102,600000
655d75dd0bc4ecf4b936e2e7,MagicRS,D9550019,BANKNIFTY22NOV2343500PE,107.25,0,107.25,600000
655d75dd0bc4ecf4b936e2e8,MagicRS,D8460002,BANKNIFTY22NOV2343500PE,208.2,0,208.2,2700000
655d75dd0bc4ecf4b936e2e9,MagicRS,D7730007,BANKNIFTY22NOV2343500PE,225,0,225,1800000
655d75dd0bc4ecf4b936e2ea,MagicRS,D7730021,BANKNIFTY22NOV2343500PE,199.5,0,199.5,1000000
655d75dd0bc4ecf4b936e2eb,MagicRS,D8460006,BANKNIFTY22NOV2343500PE,216,0,216,1000000
655d75dd0bc4ecf4b936e2ec,MagicRS,D9550018,BANKNIFTY22NOV2343500PE,114.75,0,114.75,600000
655d75dd0bc4ecf4b936e2ed,MagicRS,D8460005,BANKNIFTY22NOV2343500PE,214.2,0,214.2,1400000
655d75dd0bc4ecf4b936e2ee,MagicRS,D9550012,BANKNIFTY22NOV2343500PE,202.5,0,202.5,3000000
655d75dd0bc4ecf4b936e2ef,MTRS_2C,D8460002,BANKNIFTY22NOV2343500PE,450,0,450,2700000
655d75dd0bc4ecf4b936e2f0,MTRS_3C,D8460002,BANKNIFTY22NOV2343500PE,-13.5,0,-13.5,2700000
655d75dd0bc4ecf4b936e2f1,MTRS_3C,B1700057,BANKNIFTY22NOV2343500PE,-4.95,0,-4.95,5000000
655d75dd0bc4ecf4b936e2f2,MagicPair,D9550012,NIFTY23NOV2320450CE,0,-10,-10,3000000
655d75dd0bc4ecf4b936e2f3,MagicPair,D7730022,NIFTY23NOV2320450CE,0,-10,-10,650000
655d75dd0bc4ecf4b936e2f4,MagicPair,B1700057,NIFTY23NOV2320450CE,0,-10,-10,5000000
655d75dd0bc4ecf4b936e2f5,DRBS_BN,B1700057,BANKNIFTY22NOV2343500PE,-10782.6,0,-10782.6,5000000
655d75dd0bc4ecf4b936e2f6,MTR_2C,B1700057,BANKNIFTY22NOV2343500PE,4678.5,0,4678.5,5000000
655d75dd0bc4ecf4b936e2f7,MTR_2C,D9550016,BANKNIFTY22NOV2343500PE,2340.75,0,2340.75,1600000
655d75dd0bc4ecf4b936e2f8,DRB_BN,D8460002,BANKNIFTY22NOV2343700CE,4469.55,0,4469.55,2700000
655d75dd0bc4ecf4b936e2f9,DRB_BN,D7730022,BANKNIFTY22NOV2343700CE,4473.45,0,4473.45,650000
655d75dd0bc4ecf4b936e2fa,DRB_BN,D9550016,BANKNIFTY22NOV2343700CE,2232.75,0,2232.75,1600000
655d75dd0bc4ecf4b936e2fb,FDRS_BN,B1700057,BANKNIFTY22NOV2343700CE,2234.25,0,2234.25,5000000
655d75dd0bc4ecf4b936e2fc,FDRS_BN,D9550016,BANKNIFTY22NOV2343700CE,2233.5,0,2233.5,1600000
655d75dd0bc4ecf4b936e2fd,DRB_N,D8460002,NIFTY23NOV2319000PE,-40,0,-40,2700000
655d75dd0bc4ecf4b936e2fe,DRB_N,D7730022,NIFTY23NOV2319000PE,-40,0,-40,650000
655d75dd0bc4ecf4b936e2ff,DRB_N,D9550016,NIFTY23NOV2319000PE,-40,0,-40,1600000
655d75dd0bc4ecf4b936e300,MagicTrend50,D9550016,BANKNIFTY22NOV2343700CE,4006.5,0,4006.5,1600000
655d75dd0bc4ecf4b936e301,MagicTrend50,D7730010,BANKNIFTY22NOV2343700CE,2005.5,0,2005.5,600000
655d75dd0bc4ecf4b936e302,MagicTrend50,D9550017,BANKNIFTY22NOV2343700CE,4015.5,0,4015.5,1000000
655d75dd0bc4ecf4b936e303,MagicTrend50,D8460007,BANKNIFTY22NOV2343700CE,10042.5,0,10042.5,1700000
655d75dd0bc4ecf4b936e304,MagicTrend50,B1700057,BANKNIFTY22NOV2343700CE,8021.7,0,8021.7,5000000
655d75dd0bc4ecf4b936e305,MagicTrend50,D9550012,BANKNIFTY22NOV2343700CE,12035.7,0,12035.7,3000000
655d75dd0bc4ecf4b936e306,MagicTrend50,D9550005,BANKNIFTY22NOV2343700CE,4008,0,4008,1000000
655d75dd0bc4ecf4b936e307,MagicTrend50,D9550004,BANKNIFTY22NOV2343700CE,4015.5,0,4015.5,1000000
655d75dd0bc4ecf4b936e308,MagicTrend50,D7730007,BANKNIFTY22NOV2343700CE,12060,0,12060,1800000
655d75dd0bc4ecf4b936e309,MagicTrend50,D7730008,BANKNIFTY22NOV2343700CE,8041.5,0,8041.5,2000000
655d75dd0bc4ecf4b936e30a,MagicTrend50,D8460002,BANKNIFTY22NOV2343700CE,12091.5,0,12091.5,2700000
655d75dd0bc4ecf4b936e30b,MagicTrend50,D8460006,BANKNIFTY22NOV2343700CE,4017,0,4017,1000000
655d75dd0bc4ecf4b936e30c,MagicTrend50,D8460005,BANKNIFTY22NOV2343700CE,4027.2,0,4027.2,1400000
655d75dd0bc4ecf4b936e30d,MagicTrend50,D7730022,BANKNIFTY22NOV2343700CE,12051,0,12051,650000
655d75dd0bc4ecf4b936e30e,MagicTrend50,D9550002,BANKNIFTY22NOV2343700CE,8045.85,0,8045.85,2400000
655d75dd0bc4ecf4b936e30f,MagicTrend50,D0151150,BANKNIFTY22NOV2343700CE,4021.5,0,4021.5,900000
655d75dd0bc4ecf4b936e310,MagicTrend50,D9550019,BANKNIFTY22NOV2343700CE,2008.5,0,2008.5,600000
655d75dd0bc4ecf4b936e311,MagicTrend50,D7730021,BANKNIFTY22NOV2343700CE,4035,0,4035,1000000
655d75dd0bc4ecf4b936e312,MagicTrend50,D9550018,BANKNIFTY22NOV2343700CE,2007.75,0,2007.75,600000
655d75dd0bc4ecf4b936e313,MagicTrend50,D9550006,BANKNIFTY22NOV2343700CE,4032,0,4032,900000
655d75dd0bc4ecf4b936e314,MagicTrend50,D9550011,BANKNIFTY22NOV2343700CE,2015.25,0,2015.25,600000
655d75dd0bc4ecf4b936e315,MagicTrend50,D0350354,BANKNIFTY22NOV2343700CE,4032,0,4032,600000
655d75dd0bc4ecf4b936e316,MagicTrend50,D8460003,BANKNIFTY22NOV2343700CE,4030.5,0,4030.5,900000
655d75dd0bc4ecf4b936e317,MagicTrend50,D8460004,BANKNIFTY22NOV2343700CE,4032,0,4032,600000
655d75dd0bc4ecf4b936e318,MagicTrend50,D9550014,BANKNIFTY22NOV2343700CE,4030.5,0,4030.5,600000
655d75dd0bc4ecf4b936e319,MagicTrend50,D7730004,BANKNIFTY22NOV2343700CE,4038,0,4038,900000
655d75dd0bc4ecf4b936e31a,MTR_2C,D9550016,BANKNIFTY22NOV2343700CE,2018.25,0,2018.25,1600000
655d75dd0bc4ecf4b936e31b,MagicTrend50,D7730012,BANKNIFTY22NOV2343700CE,4031.7,0,4031.7,600000
655d75dd0bc4ecf4b936e31c,MTR_2C,B1700057,BANKNIFTY22NOV2343700CE,4048.2,0,4048.2,5000000
655d75dd0bc4ecf4b936e31d,MTRS_2C,D8460002,BANKNIFTY22NOV2343700CE,4039.5,0,4039.5,2700000
655d75dd0bc4ecf4b936e31e,MTRS_3C,B1700057,BANKNIFTY22NOV2345400CE,-103.5,0,-103.5,5000000
655d75dd0bc4ecf4b936e31f,MTRS_3C,D8460002,BANKNIFTY22NOV2345400CE,-103.5,0,-103.5,2700000
655d75dd0bc4ecf4b936e320,DRB_BN,D7730022,BANKNIFTY22NOV2341300PE,-22.5,0,-22.5,650000
655d75dd0bc4ecf4b936e321,DRB_BN,D9550016,BANKNIFTY22NOV2341300PE,-11.25,0,-11.25,1600000
655d75dd0bc4ecf4b936e322,DRB_BN,D8460002,BANKNIFTY22NOV2341300PE,-22.5,0,-22.5,2700000
655d75dd0bc4ecf4b936e323,MTRS_2C,D8460002,BANKNIFTY22NOV2344100CE,1728,0,1728,2700000
655d75dd0bc4ecf4b936e324,MTRS_3C,B1700057,BANKNIFTY22NOV2344000CE,2418,0,2418,5000000
655d75dd0bc4ecf4b936e325,MTRS_3C,D8460002,BANKNIFTY22NOV2344000CE,2410.5,0,2410.5,2700000
655d75dd0bc4ecf4b936e326,MagicRS,D9550014,BANKNIFTY22NOV2344100CE,1728.75,0,1728.75,600000
655d75dd0bc4ecf4b936e327,MagicRS,D9550019,BANKNIFTY22NOV2344100CE,863.25,0,863.25,600000
655d75dd0bc4ecf4b936e328,MagicRS,D7730004,BANKNIFTY22NOV2344100CE,1735.5,0,1735.5,900000
655d75dd0bc4ecf4b936e329,MagicRS,D7730008,BANKNIFTY22NOV2344100CE,1735.5,0,1735.5,2000000
655d75dd0bc4ecf4b936e32a,MTRS_3C,B1700057,BANKNIFTY22NOV2343900PE,-5070,0,-5070,5000000
655d75dd0bc4ecf4b936e32b,MagicRS,D9550011,BANKNIFTY22NOV2344100CE,867.75,0,867.75,600000
655d75dd0bc4ecf4b936e32c,MTRS_2C,D8460002,BANKNIFTY22NOV2343900PE,-4890,0,-4890,2700000
655d75dd0bc4ecf4b936e32d,MagicRS,D7730012,BANKNIFTY22NOV2344100CE,1731,0,1731,600000
655d75dd0bc4ecf4b936e32e,MagicRS,D8460002,BANKNIFTY22NOV2344100CE,1731.75,0,1731.75,2700000
655d75dd0bc4ecf4b936e32f,MagicRS,D9550017,BANKNIFTY22NOV2344100CE,1734,0,1734,1000000
655d75dd0bc4ecf4b936e330,MagicRS,D7730022,BANKNIFTY22NOV2344100CE,3468,0,3468,650000
655d75dd0bc4ecf4b936e331,MagicRS,D9550002,BANKNIFTY22NOV2344100CE,1732.5,0,1732.5,2400000
655d75dd0bc4ecf4b936e332,MagicRS,D7730007,BANKNIFTY22NOV2344100CE,1734,0,1734,1800000
655d75dd0bc4ecf4b936e333,MagicRS,D9550005,BANKNIFTY22NOV2344100CE,1734,0,1734,1000000
655d75dd0bc4ecf4b936e334,MTRS_3C,D8460002,BANKNIFTY22NOV2343900PE,-5070,0,-5070,2700000
655d75dd0bc4ecf4b936e335,MagicRS,D9550012,BANKNIFTY22NOV2344100CE,1732.5,0,1732.5,3000000
655d75dd0bc4ecf4b936e336,MagicRS,D8460005,BANKNIFTY22NOV2344100CE,1732.5,0,1732.5,1400000
655d75dd0bc4ecf4b936e337,MagicRS,D8460004,BANKNIFTY22NOV2344100CE,1729.5,0,1729.5,600000
655d75dd0bc4ecf4b936e338,MagicRS,D0151150,BANKNIFTY22NOV2344100CE,1729.5,0,1729.5,900000
655d75dd0bc4ecf4b936e339,MagicRS,D9550016,BANKNIFTY22NOV2344100CE,1729.5,0,1729.5,1600000
655d75dd0bc4ecf4b936e33a,MagicRS,B1700057,BANKNIFTY22NOV2344100CE,3459,0,3459,5000000
655d75dd0bc4ecf4b936e33b,MagicRS,D9550004,BANKNIFTY22NOV2344100CE,1729.5,0,1729.5,1000000
655d75dd0bc4ecf4b936e33c,MagicRS,D7730021,BANKNIFTY22NOV2344100CE,1729.5,0,1729.5,1000000
655d75dd0bc4ecf4b936e33d,MagicRS,D0350354,BANKNIFTY22NOV2344100CE,1729.5,0,1729.5,600000
655d75dd0bc4ecf4b936e33e,MagicRS,D9550018,BANKNIFTY22NOV2344100CE,864.75,0,864.75,600000
655d75dd0bc4ecf4b936e33f,MagicRS,D8460006,BANKNIFTY22NOV2344100CE,1729.5,0,1729.5,1000000
655d75dd0bc4ecf4b936e340,MagicRS,D9550006,BANKNIFTY22NOV2344100CE,1732.5,0,1732.5,900000
655d75dd0bc4ecf4b936e341,MagicRS,D8460003,BANKNIFTY22NOV2344100CE,1732.5,0,1732.5,900000
655d75dd0bc4ecf4b936e342,MagicRS,D8460007,BANKNIFTY22NOV2344100CE,1732.5,0,1732.5,1700000
655d75dd0bc4ecf4b936e343,MagicRS,D7730010,BANKNIFTY22NOV2344100CE,866.25,0,866.25,600000
655d75dd0bc4ecf4b936e344,MagicRS,D9550014,BANKNIFTY22NOV2343900PE,-5104.5,0,-5104.5,600000
655d75dd0bc4ecf4b936e345,MagicRS,D9550011,BANKNIFTY22NOV2343900PE,-2553,0,-2553,600000
655d75dd0bc4ecf4b936e346,MagicRS,D7730008,BANKNIFTY22NOV2343900PE,-5092.5,0,-5092.5,2000000
655d75dd0bc4ecf4b936e347,MagicRS,D9550019,BANKNIFTY22NOV2343900PE,-2556,0,-2556,600000
655d75dd0bc4ecf4b936e348,MagicRS,D8460002,BANKNIFTY22NOV2343900PE,-5110.5,0,-5110.5,2700000
655d75dd0bc4ecf4b936e349,MagicRS,D7730004,BANKNIFTY22NOV2343900PE,-5164.5,0,-5164.5,900000
655d75dd0bc4ecf4b936e34a,MagicRS,D7730012,BANKNIFTY22NOV2343900PE,-5149.5,0,-5149.5,600000
655d75dd0bc4ecf4b936e34b,MagicRS,D9550012,BANKNIFTY22NOV2343900PE,-5143.5,0,-5143.5,3000000
655d75dd0bc4ecf4b936e34c,MagicRS,D7730007,BANKNIFTY22NOV2343900PE,-5158.8,0,-5158.8,1800000
655d75dd0bc4ecf4b936e34d,MagicRS,D9550017,BANKNIFTY22NOV2343900PE,-5061,0,-5061,1000000
655d75dd0bc4ecf4b936e34e,MagicRS,D9550005,BANKNIFTY22NOV2343900PE,-5080.8,0,-5080.8,1000000
655d75dd0bc4ecf4b936e34f,MagicRS,D8460005,BANKNIFTY22NOV2343900PE,-5070,0,-5070,1400000
655d75dd0bc4ecf4b936e350,MagicRS,D8460004,BANKNIFTY22NOV2343900PE,-5080.5,0,-5080.5,600000
655d75dd0bc4ecf4b936e351,MagicRS,B1700057,BANKNIFTY22NOV2343900PE,-10240.5,0,-10240.5,5000000
655d75dd0bc4ecf4b936e352,MagicRS,D8460006,BANKNIFTY22NOV2343900PE,-5055,0,-5055,1000000
655d75dd0bc4ecf4b936e353,MagicRS,D7730022,BANKNIFTY22NOV2343900PE,-10236,0,-10236,650000
655d75dd0bc4ecf4b936e354,MagicRS,D0151150,BANKNIFTY22NOV2343900PE,-5082.3,0,-5082.3,900000
655d75dd0bc4ecf4b936e355,MagicRS,D7730021,BANKNIFTY22NOV2343900PE,-5080.5,0,-5080.5,1000000
655d75dd0bc4ecf4b936e356,MagicRS,D0350354,BANKNIFTY22NOV2343900PE,-5089.5,0,-5089.5,600000
655d75dd0bc4ecf4b936e357,MagicRS,D9550004,BANKNIFTY22NOV2343900PE,-5070,0,-5070,1000000
655d75dd0bc4ecf4b936e358,MagicRS,D9550002,BANKNIFTY22NOV2343900PE,-5125.8,0,-5125.8,2400000
655d75dd0bc4ecf4b936e359,MagicRS,D9550016,BANKNIFTY22NOV2343900PE,-5092.5,0,-5092.5,1600000
655d75dd0bc4ecf4b936e35a,MagicRS,D9550006,BANKNIFTY22NOV2343900PE,-5086.5,0,-5086.5,900000
655d75dd0bc4ecf4b936e35b,MagicRS,D8460007,BANKNIFTY22NOV2343900PE,-5095.5,0,-5095.5,1700000
655d75dd0bc4ecf4b936e35c,MagicRS,D9550018,BANKNIFTY22NOV2343900PE,-2542.5,0,-2542.5,600000
655d75dd0bc4ecf4b936e35d,MagicRS,D8460003,BANKNIFTY22NOV2343900PE,-5086.5,0,-5086.5,900000
655d75dd0bc4ecf4b936e35e,DRBS_BN,B1700057,BANKNIFTY22NOV2344100CE,1749,0,1749,5000000
655d75dd0bc4ecf4b936e35f,MagicRS,D7730010,BANKNIFTY22NOV2343900PE,-2534.25,0,-2534.25,600000
655d75dd0bc4ecf4b936e360,NDST_BN,B1700057,BANKNIFTY22NOV2343900CE,2902.5,0,2902.5,5000000
655d75dd0bc4ecf4b936e361,GRB,D9550016,BANKNIFTY22NOV2343800CE,1893,0,1893,1600000
655d75dd0bc4ecf4b936e362,GRB,B1700057,BANKNIFTY22NOV2343800CE,1893.75,0,1893.75,5000000
655d75dd0bc4ecf4b936e363,NDST_N,B1700057,NIFTY23NOV2319700PE,-40,0,-40,5000000
655d75dd0bc4ecf4b936e364,DRBS_BN,B1700057,BANKNIFTY22NOV2344900CE,-102,0,-102,5000000
655d75dd0bc4ecf4b936e365,DRBS_BN,B1700057,BANKNIFTY22NOV2343900PE,-1807.95,0,-1807.95,5000000
655d75dd0bc4ecf4b936e366,DRB_BN,D8460002,BANKNIFTY22NOV2343800PE,-2851.5,0,-2851.5,2700000
655d75dd0bc4ecf4b936e367,DRB_BN,D7730022,BANKNIFTY22NOV2343800PE,-2940.3,0,-2940.3,650000
655d75dd0bc4ecf4b936e368,DRB_BN,D9550016,BANKNIFTY22NOV2343800PE,-1471.5,0,-1471.5,1600000
655d75dd0bc4ecf4b936e369,ExpWStdBHLBN,B1700057,BANKNIFTY22NOV2344900CE,0,-57,-57,5000000
655d75dd0bc4ecf4b936e36a,ExpWStdBHLBN,D9550002,BANKNIFTY22NOV2344900CE,0,-58.5,-58.5,2400000
655d75dd0bc4ecf4b936e36b,ExpWStdBHLBN,D8460002,BANKNIFTY22NOV2344900CE,0,-117,-117,2700000
655d75dd0bc4ecf4b936e36c,ExpiryWedBHLBN,D7730007,BANKNIFTY22NOV2345200CE,-58.5,0,-58.5,1800000
655d75dd0bc4ecf4b936e36d,ExpiryWedBHLBN,D9550017,BANKNIFTY22NOV2345200CE,-58.5,0,-58.5,1000000
655d75dd0bc4ecf4b936e36e,ExpiryWedBHLBN,D8460006,BANKNIFTY22NOV2345200CE,-58.5,0,-58.5,1000000
655d75dd0bc4ecf4b936e36f,ExpiryWedBHLBN,D9550005,BANKNIFTY22NOV2345200CE,-58.5,0,-58.5,1000000
655d75dd0bc4ecf4b936e370,ExpiryWedBHLBN,D7730008,BANKNIFTY22NOV2345200CE,-58.5,0,-58.5,2000000
655d75dd0bc4ecf4b936e371,ExpiryWedBHLBN,D0350354,BANKNIFTY22NOV2345200CE,-58.5,0,-58.5,600000
655d75dd0bc4ecf4b936e372,ExpiryWedBHLBN,D8460002,BANKNIFTY22NOV2345200CE,-117,0,-117,2700000
655d75dd0bc4ecf4b936e373,ExpiryWedBHLBN,D8460005,BANKNIFTY22NOV2345200CE,-58.5,0,-58.5,1400000
655d75dd0bc4ecf4b936e374,ExpiryWedBHLBN,B1700057,BANKNIFTY22NOV2345200CE,-58.5,0,-58.5,5000000
655d75dd0bc4ecf4b936e375,ExpiryWedBHLBN,D9550002,BANKNIFTY22NOV2345200CE,-58.5,0,-58.5,2400000
655d75dd0bc4ecf4b936e376,ExpWStdBHLBN,B1700057,BANKNIFTY22NOV2343700CE,8224.5,0,8224.5,5000000
655d75dd0bc4ecf4b936e377,ExpWStdBHLBN,D9550002,BANKNIFTY22NOV2343700CE,8226,0,8226,2400000
655d75dd0bc4ecf4b936e378,ExpWStdBHLBN,D8460002,BANKNIFTY22NOV2343700CE,16459.8,0,16459.8,2700000
655d75dd0bc4ecf4b936e379,ExpiryWedBHLBN,D7730008,BANKNIFTY22NOV2343800CE,4599,0,4599,2000000
655d75dd0bc4ecf4b936e37a,ExpiryWedBHLBN,D7730007,BANKNIFTY22NOV2343800CE,4599,0,4599,1800000
655d75dd0bc4ecf4b936e37b,ExpiryWedBHLBN,D8460002,BANKNIFTY22NOV2343800CE,9192,0,9192,2700000
655d75dd0bc4ecf4b936e37c,ExpiryWedBHLBN,B1700057,BANKNIFTY22NOV2343800CE,4594.5,0,4594.5,5000000
655d75dd0bc4ecf4b936e37d,ExpiryWedBHLBN,D8460005,BANKNIFTY22NOV2343800CE,4593,0,4593,1400000
655d75dd0bc4ecf4b936e37e,ExpiryWedBHLBN,D9550017,BANKNIFTY22NOV2343800CE,4585.5,0,4585.5,1000000
655d75dd0bc4ecf4b936e37f,ExpiryWedBHLBN,D0350354,BANKNIFTY22NOV2343800CE,4585.5,0,4585.5,600000
655d75dd0bc4ecf4b936e380,ExpiryWedBHLBN,D9550005,BANKNIFTY22NOV2343800CE,4586.7,0,4586.7,1000000
655d75dd0bc4ecf4b936e381,ExpiryWedBHLBN,D8460006,BANKNIFTY22NOV2343800CE,4585.5,0,4585.5,1000000
655d75dd0bc4ecf4b936e382,ExpiryWedBHLBN,D9550002,BANKNIFTY22NOV2343800CE,4588.2,0,4588.2,2400000
655d75dd0bc4ecf4b936e383,ExpiryWedBHLBN,D9550017,BANKNIFTY22NOV2343600PE,-6333.45,0,-6333.45,1000000
655d75dd0bc4ecf4b936e384,ExpiryWedBHLBN,D9550002,BANKNIFTY22NOV2343600PE,-6348.45,0,-6348.45,2400000
655d75dd0bc4ecf4b936e385,ExpiryWedBHLBN,D9550005,BANKNIFTY22NOV2343600PE,-6439.95,0,-6439.95,1000000
655d75dd0bc4ecf4b936e386,ExpiryWedBHLBN,D8460002,BANKNIFTY22NOV2343600PE,-12830.55,0,-12830.55,2700000
655d75dd0bc4ecf4b936e387,ExpiryWedBHLBN,D7730007,BANKNIFTY22NOV2343600PE,-6321.3,0,-6321.3,1800000
655d75dd0bc4ecf4b936e388,ExpiryWedBHLBN,B1700057,BANKNIFTY22NOV2343600PE,-6413.7,0,-6413.7,5000000
655d75dd0bc4ecf4b936e389,ExpiryWedBHLBN,D7730008,BANKNIFTY22NOV2343600PE,-6429,0,-6429,2000000
655d75dd0bc4ecf4b936e38a,ExpiryWedBHLBN,D8460005,BANKNIFTY22NOV2343600PE,-6405.45,0,-6405.45,1400000
655d75dd0bc4ecf4b936e38b,ExpWStdBHLBN,B1700057,BANKNIFTY22NOV2343700PE,-3279,0,-3279,5000000
655d75dd0bc4ecf4b936e38c,ExpWStdBHLBN,D8460002,BANKNIFTY22NOV2343700PE,-6448.05,0,-6448.05,2700000
655d75dd0bc4ecf4b936e38d,ExpiryWedBHLBN,D0350354,BANKNIFTY22NOV2343600PE,-6431.25,0,-6431.25,600000
655d75dd0bc4ecf4b936e38e,ExpiryWedBHLBN,D8460006,BANKNIFTY22NOV2343600PE,-6369,0,-6369,1000000
655d75dd0bc4ecf4b936e38f,ExpWStdBHLBN,D9550002,BANKNIFTY22NOV2343700PE,-3258.3,0,-3258.3,2400000
655d75dd0bc4ecf4b936e390,2BHLBN,D8460002,BANKNIFTY22NOV2343800PE,-4423.5,0,-4423.5,2700000
655d75dd0bc4ecf4b936e391,2BHLBN,D7730022,BANKNIFTY22NOV2343800PE,-4456.5,0,-4456.5,650000
655d75dd0bc4ecf4b936e392,2BHLN,D8460002,NIFTY23NOV2319850PE,-197.5,0,-197.5,2700000
655d75dd0bc4ecf4b936e393,2BHLN,D7730022,NIFTY23NOV2319850PE,-210,0,-210,650000
655d75dd0bc4ecf4b936e394,DRBS_N,B1700057,NIFTY23NOV2319900CE,0,1027.5,1027.5,5000000
655d75dd0bc4ecf4b936e395,DRBS_N,B1700057,NIFTY23NOV2318950PE,-25,0,-25,5000000
655d75dd0bc4ecf4b936e396,ExpWStdBHLBN,D9550002,BANKNIFTY22NOV2342900PE,-78,0,-78,2400000
655d75dd0bc4ecf4b936e397,ExpWStdBHLBN,B1700057,BANKNIFTY22NOV2342900PE,-78,0,-78,5000000
655d75dd0bc4ecf4b936e398,ExpWStdBHLBN,D8460002,BANKNIFTY22NOV2342900PE,-153,0,-153,2700000
655d75dd0bc4ecf4b936e399,ExpiryWedBHLBN,D9550005,BANKNIFTY22NOV2342800PE,-24,0,-24,1000000
655d75dd0bc4ecf4b936e39a,ExpiryWedBHLBN,D9550017,BANKNIFTY22NOV2342800PE,-22.5,0,-22.5,1000000
655d75dd0bc4ecf4b936e39b,ExpiryWedBHLBN,D7730008,BANKNIFTY22NOV2342800PE,-24,0,-24,2000000
655d75dd0bc4ecf4b936e39c,ExpiryWedBHLBN,D7730007,BANKNIFTY22NOV2342800PE,-22.5,0,-22.5,1800000
655d75dd0bc4ecf4b936e39d,ExpiryWedBHLBN,B1700057,BANKNIFTY22NOV2342800PE,-25.5,0,-25.5,5000000
655d75dd0bc4ecf4b936e39e,ExpiryWedBHLBN,D8460006,BANKNIFTY22NOV2342800PE,-22.8,0,-22.8,1000000
655d75dd0bc4ecf4b936e39f,ExpiryWedBHLBN,D8460002,BANKNIFTY22NOV2342800PE,-51,0,-51,2700000
655d75dd0bc4ecf4b936e3a0,ExpiryWedBHLBN,D8460005,BANKNIFTY22NOV2342800PE,-25.5,0,-25.5,1400000
655d75dd0bc4ecf4b936e3a1,ExpiryWedBHLBN,D9550002,BANKNIFTY22NOV2342800PE,-24,0,-24,2400000
655d75dd0bc4ecf4b936e3a2,ExpiryWedBHLBN,D0350354,BANKNIFTY22NOV2342800PE,-25.5,0,-25.5,600000
655d75dd0bc4ecf4b936e3a3,DRBS_N,B1700057,NIFTY23NOV2319850PE,-2050,0,-2050,5000000
655d75dd0bc4ecf4b936e3a4,EmaX_BN,B1700057,BANKNIFTY22NOV2343600CE,5169,0,5169,5000000
655d75dd0bc4ecf4b936e3a5,EmaX_N,B1700057,NIFTY23NOV2319750CE,0,2155,2155,5000000
655d75dd0bc4ecf4b936e3a6,2BHLN,D8460002,NIFTY23NOV2319750CE,0,4332.5,4332.5,2700000
655d75dd0bc4ecf4b936e3a7,2BHLN,D7730022,NIFTY23NOV2319750CE,0,4327.5,4327.5,650000
655d75dd0bc4ecf4b936e3a8,EmaX_BN,B1700057,BANKNIFTY22NOV2343800PE,-139.95,0,-139.95,5000000
655d75de0bc4ecf4b936e3a9,ExpWStdBHLBN,D9550002,BANKNIFTY22NOV2345000CE,0,-33,-33,2400000
655d75de0bc4ecf4b936e3aa,ExpWStdBHLBN,B1700057,BANKNIFTY22NOV2345000CE,0,-33,-33,5000000
655d75de0bc4ecf4b936e3ab,ExpiryWedBHLBN,D0350354,BANKNIFTY22NOV2346200CE,-36,0,-36,600000
655d75de0bc4ecf4b936e3ac,ExpWStdBHLBN,D8460002,BANKNIFTY22NOV2345000CE,0,-66,-66,2700000
655d75de0bc4ecf4b936e3ad,ExpiryWedBHLBN,D7730007,BANKNIFTY22NOV2346200CE,-36,0,-36,1800000
655d75de0bc4ecf4b936e3ae,ExpiryWedBHLBN,D8460006,BANKNIFTY22NOV2346200CE,-36,0,-36,1000000
655d75de0bc4ecf4b936e3af,ExpiryWedBHLBN,D8460005,BANKNIFTY22NOV2346200CE,-36,0,-36,1400000
655d75de0bc4ecf4b936e3b0,ExpiryWedBHLBN,D7730008,BANKNIFTY22NOV2346200CE,-36,0,-36,2000000
655d75de0bc4ecf4b936e3b1,ExpiryWedBHLBN,D8460002,BANKNIFTY22NOV2346200CE,-72,0,-72,2700000
655d75de0bc4ecf4b936e3b2,ExpiryWedBHLBN,D9550005,BANKNIFTY22NOV2346200CE,-36,0,-36,1000000
655d75de0bc4ecf4b936e3b3,ExpiryWedBHLBN,D9550002,BANKNIFTY22NOV2346200CE,-36,0,-36,2400000
655d75de0bc4ecf4b936e3b4,ExpiryWedBHLBN,D9550017,BANKNIFTY22NOV2346200CE,-36,0,-36,1000000
655d75de0bc4ecf4b936e3b5,ExpiryWedBHLBN,B1700057,BANKNIFTY22NOV2346200CE,-36,0,-36,5000000
655d75de0bc4ecf4b936e3b6,2BHLN,D8460002,NIFTY23NOV2319250PE,-42.5,0,-42.5,2700000
655d75de0bc4ecf4b936e3b7,2BHLN,D7730022,NIFTY23NOV2319250PE,-42.5,0,-42.5,650000
655d75de0bc4ecf4b936e3b8,DRB_BN,D7730022,BANKNIFTY22NOV2345300CE,-49.5,0,-49.5,650000
655d75de0bc4ecf4b936e3b9,DRB_BN,D9550016,BANKNIFTY22NOV2345300CE,-24.75,0,-24.75,1600000
655d75de0bc4ecf4b936e3ba,DRB_BN,D8460002,BANKNIFTY22NOV2345300CE,-49.5,0,-49.5,2700000
655d75de0bc4ecf4b936e3bb,FDRS_BN,D9550016,BANKNIFTY22NOV2345300CE,-24.75,0,-24.75,1600000
655d75de0bc4ecf4b936e3bc,FDRS_BN,B1700057,BANKNIFTY22NOV2345300CE,-24.75,0,-24.75,5000000
655d75de0bc4ecf4b936e3bd,DRB_BN,D9550016,BANKNIFTY22NOV2343600CE,1884,0,1884,1600000
655d75de0bc4ecf4b936e3be,DRB_BN,D7730022,BANKNIFTY22NOV2343600CE,3761.25,0,3761.25,650000
655d75de0bc4ecf4b936e3bf,DRB_BN,D8460002,BANKNIFTY22NOV2343600CE,3757.2,0,3757.2,2700000
655d75de0bc4ecf4b936e3c0,FDRS_BN,B1700057,BANKNIFTY22NOV2343600CE,1880.25,0,1880.25,5000000
655d75de0bc4ecf4b936e3c1,FDRS_BN,D9550016,BANKNIFTY22NOV2343600CE,1880.25,0,1880.25,1600000
655d75de0bc4ecf4b936e3c2,DRB_N,D8460002,NIFTY23NOV2320200CE,-52.5,0,-52.5,2700000
655d75de0bc4ecf4b936e3c3,DRB_N,D7730022,NIFTY23NOV2320200CE,-52.5,0,-52.5,650000
655d75de0bc4ecf4b936e3c4,DRB_N,D9550016,NIFTY23NOV2320200CE,-52.5,0,-52.5,1600000
655d75de0bc4ecf4b936e3c5,DRBS_N,B1700057,NIFTY23NOV2320200CE,-52.5,0,-52.5,5000000
655d75de0bc4ecf4b936e3c6,DRB_N,D9550016,NIFTY23NOV2319750CE,0,1500,1500,1600000
655d75de0bc4ecf4b936e3c7,DRB_N,D7730022,NIFTY23NOV2319750CE,0,1510,1510,650000
655d75de0bc4ecf4b936e3c8,DRB_N,D8460002,NIFTY23NOV2319750CE,0,1497.5,1497.5,2700000
655d75de0bc4ecf4b936e3c9,ExpiryWedBHLBN,D8460002,BANKNIFTY22NOV2342900PE,-105,0,-105,2700000
655d75de0bc4ecf4b936e3ca,ExpiryWedBHLBN,D9550017,BANKNIFTY22NOV2342900PE,-52.5,0,-52.5,1000000
655d75de0bc4ecf4b936e3cb,ExpiryWedBHLBN,D9550002,BANKNIFTY22NOV2342900PE,-52.5,0,-52.5,2400000
655d75de0bc4ecf4b936e3cc,ExpiryWedBHLBN,D8460005,BANKNIFTY22NOV2342900PE,-52.5,0,-52.5,1400000
655d75de0bc4ecf4b936e3cd,ExpiryWedBHLBN,B1700057,BANKNIFTY22NOV2342900PE,-52.5,0,-52.5,5000000
655d75de0bc4ecf4b936e3ce,ExpiryWedBHLBN,D0350354,BANKNIFTY22NOV2342900PE,-52.5,0,-52.5,600000
655d75de0bc4ecf4b936e3cf,ExpiryWedBHLBN,D9550005,BANKNIFTY22NOV2342900PE,-54,0,-54,1000000
655d75de0bc4ecf4b936e3d0,ExpiryWedBHLBN,D7730007,BANKNIFTY22NOV2342900PE,-52.8,0,-52.8,1800000
655d75de0bc4ecf4b936e3d1,ExpiryWedBHLBN,D7730008,BANKNIFTY22NOV2342900PE,-54,0,-54,2000000
655d75de0bc4ecf4b936e3d2,ExpiryWedBHLBN,D8460006,BANKNIFTY22NOV2342900PE,-54,0,-54,1000000
655d75de0bc4ecf4b936e3d3,2BHLN,D7730022,NIFTY23NOV2319400PE,-132.5,0,-132.5,650000
655d75de0bc4ecf4b936e3d4,2BHLN,D8460002,NIFTY23NOV2319400PE,-132.5,0,-132.5,2700000
655d75de0bc4ecf4b936e3d5,2BHLBN,D7730022,BANKNIFTY22NOV2342900PE,-52.5,0,-52.5,650000
655d75de0bc4ecf4b936e3d6,2BHLBN,D8460002,BANKNIFTY22NOV2342900PE,-52.5,0,-52.5,2700000
655d75de0bc4ecf4b936e3d7,NDST_N,B1700057,NIFTY23NOV2319600PE,-205,0,-205,5000000
655d75de0bc4ecf4b936e3d8,MTRS_3C,D8460002,BANKNIFTY22NOV2344700CE,-36,0,-36,2700000
655d75de0bc4ecf4b936e3d9,MTRS_3C,B1700057,BANKNIFTY22NOV2344700CE,-36,0,-36,5000000
655d75de0bc4ecf4b936e3da,MTRS_2C,D8460002,BANKNIFTY22NOV2344700CE,-36,0,-36,2700000
655d75de0bc4ecf4b936e3db,MagicTrend50,D8460006,BANKNIFTY22NOV2344700CE,-36,0,-36,1000000
655d75de0bc4ecf4b936e3dc,MagicTrend50,D0151150,BANKNIFTY22NOV2344700CE,-36,0,-36,900000
655d75de0bc4ecf4b936e3dd,MagicTrend50,D8460007,BANKNIFTY22NOV2344700CE,-90,0,-90,1700000
655d75de0bc4ecf4b936e3de,MagicTrend50,D8460005,BANKNIFTY22NOV2344700CE,-36,0,-36,1400000
655d75de0bc4ecf4b936e3df,MagicTrend50,D7730004,BANKNIFTY22NOV2344700CE,-36,0,-36,900000
655d75de0bc4ecf4b936e3e0,MagicTrend50,D9550019,BANKNIFTY22NOV2344700CE,-18,0,-18,600000
655d75de0bc4ecf4b936e3e1,MagicTrend50,D9550012,BANKNIFTY22NOV2344700CE,-108,0,-108,3000000
655d75de0bc4ecf4b936e3e2,MagicTrend50,D7730021,BANKNIFTY22NOV2344700CE,-36,0,-36,1000000
655d75de0bc4ecf4b936e3e3,MagicTrend50,D9550005,BANKNIFTY22NOV2344700CE,-36,0,-36,1000000
655d75de0bc4ecf4b936e3e4,MagicTrend50,D7730010,BANKNIFTY22NOV2344700CE,-18,0,-18,600000
655d75de0bc4ecf4b936e3e5,MagicTrend50,D7730008,BANKNIFTY22NOV2344700CE,-72,0,-72,2000000
655d75de0bc4ecf4b936e3e6,MagicTrend50,D9550017,BANKNIFTY22NOV2344700CE,-36,0,-36,1000000
655d75de0bc4ecf4b936e3e7,MagicTrend50,D9550004,BANKNIFTY22NOV2344700CE,-36,0,-36,1000000
655d75de0bc4ecf4b936e3e8,MagicTrend50,D9550006,BANKNIFTY22NOV2344700CE,-36,0,-36,900000
655d75de0bc4ecf4b936e3e9,MagicTrend50,D9550002,BANKNIFTY22NOV2344700CE,-72,0,-72,2400000
655d75de0bc4ecf4b936e3ea,MagicTrend50,D0350354,BANKNIFTY22NOV2344700CE,-36,0,-36,600000
655d75de0bc4ecf4b936e3eb,MagicTrend50,D8460004,BANKNIFTY22NOV2344700CE,-36,0,-36,600000
655d75de0bc4ecf4b936e3ec,MagicTrend50,D9550011,BANKNIFTY22NOV2344700CE,-18,0,-18,600000
655d75de0bc4ecf4b936e3ed,MagicTrend50,D7730012,BANKNIFTY22NOV2344700CE,-36,0,-36,600000
655d75de0bc4ecf4b936e3ee,MagicTrend50,D9550016,BANKNIFTY22NOV2344700CE,-36,0,-36,1600000
655d75de0bc4ecf4b936e3ef,MagicTrend50,D9550014,BANKNIFTY22NOV2344700CE,-36,0,-36,600000
655d75de0bc4ecf4b936e3f0,MagicTrend50,D7730007,BANKNIFTY22NOV2344700CE,-108,0,-108,1800000
655d75de0bc4ecf4b936e3f1,MagicTrend50,D8460002,BANKNIFTY22NOV2344700CE,-108,0,-108,2700000
655d75de0bc4ecf4b936e3f2,MagicTrend50,D8460003,BANKNIFTY22NOV2344700CE,-36,0,-36,900000
655d75de0bc4ecf4b936e3f3,MagicTrend50,D9550018,BANKNIFTY22NOV2344700CE,-18,0,-18,600000
655d75de0bc4ecf4b936e3f4,MTR_2C,D9550016,BANKNIFTY22NOV2344700CE,-18,0,-18,1600000
655d75de0bc4ecf4b936e3f5,MagicTrend50,D7730022,BANKNIFTY22NOV2344700CE,-108,0,-108,650000
655d75de0bc4ecf4b936e3f6,MagicTrend50,B1700057,BANKNIFTY22NOV2344700CE,-72,0,-72,5000000
655d75de0bc4ecf4b936e3f7,MagicPair,D9550012,BANKNIFTY22NOV2343600CE,4081.5,0,4081.5,3000000
655d75de0bc4ecf4b936e3f8,MTR_2C,B1700057,BANKNIFTY22NOV2344700CE,-36,0,-36,5000000
655d75de0bc4ecf4b936e3f9,MagicPair,D7730022,BANKNIFTY22NOV2343600CE,4084.5,0,4084.5,650000
655d75de0bc4ecf4b936e3fa,MagicPair,D9550012,NIFTY23NOV2319100PE,-40,0,-40,3000000
655d75de0bc4ecf4b936e3fb,MagicPair,B1700057,BANKNIFTY22NOV2343600CE,4083,0,4083,5000000
655d75de0bc4ecf4b936e3fc,MagicPair,D7730022,NIFTY23NOV2319100PE,-40,0,-40,650000
655d75de0bc4ecf4b936e3fd,MagicPair,B1700057,NIFTY23NOV2319100PE,-40,0,-40,5000000
655d75de0bc4ecf4b936e3fe,MTRS_3C,B1700057,BANKNIFTY22NOV2343600CE,4099.5,0,4099.5,5000000
655d75de0bc4ecf4b936e3ff,MTRS_3C,D8460002,BANKNIFTY22NOV2343600CE,4099.5,0,4099.5,2700000
655d75de0bc4ecf4b936e400,MTRS_3C,B1700057,BANKNIFTY22NOV2342000PE,-42,0,-42,5000000
655d75de0bc4ecf4b936e401,MTRS_3C,D8460002,BANKNIFTY22NOV2342000PE,-42,0,-42,2700000
655d75de0bc4ecf4b936e402,MTRS_2C,D8460002,BANKNIFTY22NOV2343600CE,4101,0,4101,2700000
655d75de0bc4ecf4b936e403,MTRS_2C,D8460002,BANKNIFTY22NOV2342100PE,-48,0,-48,2700000
655d75de0bc4ecf4b936e404,MTR_2C,B1700057,BANKNIFTY22NOV2343600CE,4093.5,0,4093.5,5000000
655d75de0bc4ecf4b936e405,MTR_2C,D9550016,BANKNIFTY22NOV2343600CE,2046.75,0,2046.75,1600000
655d75de0bc4ecf4b936e406,MTR_2C,B1700057,BANKNIFTY22NOV2341200PE,-13.5,0,-13.5,5000000
655d75de0bc4ecf4b936e407,MTR_2C,D9550016,BANKNIFTY22NOV2341200PE,-6.75,0,-6.75,1600000
655d75de0bc4ecf4b936e408,MagicTrend50,D8460007,BANKNIFTY22NOV2343600CE,10241.25,0,10241.25,1700000
655d75de0bc4ecf4b936e409,MagicTrend50,D7730012,BANKNIFTY22NOV2343600CE,4099.5,0,4099.5,600000
655d75de0bc4ecf4b936e40a,MagicTrend50,D9550006,BANKNIFTY22NOV2343600CE,4099.05,0,4099.05,900000
655d75de0bc4ecf4b936e40b,MagicTrend50,D9550019,BANKNIFTY22NOV2343600CE,2049.75,0,2049.75,600000
655d75de0bc4ecf4b936e40c,MagicTrend50,D8460003,BANKNIFTY22NOV2343600CE,4098,0,4098,900000
655d75de0bc4ecf4b936e40d,MagicTrend50,D0151150,BANKNIFTY22NOV2343600CE,4098,0,4098,900000
655d75de0bc4ecf4b936e40e,MagicTrend50,D7730021,BANKNIFTY22NOV2343600CE,4096.5,0,4096.5,1000000
655d75de0bc4ecf4b936e40f,MagicTrend50,D9550018,BANKNIFTY22NOV2343600CE,2048.25,0,2048.25,600000
655d75de0bc4ecf4b936e410,MagicTrend50,D9550005,BANKNIFTY22NOV2343600CE,4096.5,0,4096.5,1000000
655d75de0bc4ecf4b936e411,MagicTrend50,D9550004,BANKNIFTY22NOV2343600CE,4095,0,4095,1000000
655d75de0bc4ecf4b936e412,MagicTrend50,D9550016,BANKNIFTY22NOV2343600CE,4098,0,4098,1600000
655d75de0bc4ecf4b936e413,MagicTrend50,D8460005,BANKNIFTY22NOV2343600CE,4096.5,0,4096.5,1400000
655d75de0bc4ecf4b936e414,MagicTrend50,D9550014,BANKNIFTY22NOV2343600CE,4098,0,4098,600000
655d75de0bc4ecf4b936e415,MagicTrend50,D8460004,BANKNIFTY22NOV2343600CE,4098,0,4098,600000
655d75de0bc4ecf4b936e416,MagicTrend50,D0350354,BANKNIFTY22NOV2343600CE,4098,0,4098,600000
655d75de0bc4ecf4b936e417,MagicTrend50,D7730004,BANKNIFTY22NOV2343600CE,4098,0,4098,900000
655d75de0bc4ecf4b936e418,MagicTrend50,D7730022,BANKNIFTY22NOV2343600CE,12298.5,0,12298.5,650000
655d75de0bc4ecf4b936e419,MagicTrend50,D7730010,BANKNIFTY22NOV2343600CE,2048.25,0,2048.25,600000
655d75de0bc4ecf4b936e41a,MagicTrend50,D8460002,BANKNIFTY22NOV2343600CE,12298.5,0,12298.5,2700000
655d75de0bc4ecf4b936e41b,MagicTrend50,D9550011,BANKNIFTY22NOV2343600CE,2048.25,0,2048.25,600000
655d75de0bc4ecf4b936e41c,MagicTrend50,D8460006,BANKNIFTY22NOV2343600CE,4098,0,4098,1000000
655d75de0bc4ecf4b936e41d,MagicTrend50,D9550012,BANKNIFTY22NOV2343600CE,12295.5,0,12295.5,3000000
655d75de0bc4ecf4b936e41e,MagicTrend50,D9550017,BANKNIFTY22NOV2343600CE,4098,0,4098,1000000
655d75de0bc4ecf4b936e41f,MagicTrend50,D7730008,BANKNIFTY22NOV2343600CE,8199,0,8199,2000000
655d75de0bc4ecf4b936e420,MagicTrend50,D9550002,BANKNIFTY22NOV2343600CE,8199,0,8199,2400000
655d75de0bc4ecf4b936e421,MagicTrend50,B1700057,BANKNIFTY22NOV2343600CE,8195.4,0,8195.4,5000000
655d75de0bc4ecf4b936e422,MagicTrend50,D7730007,BANKNIFTY22NOV2343600CE,12294,0,12294,1800000
655d75de0bc4ecf4b936e423,DRB_N,D7730022,NIFTY23NOV2318650PE,-20,0,-20,650000
655d75de0bc4ecf4b936e424,DRB_N,D9550016,NIFTY23NOV2318650PE,-20,0,-20,1600000
655d75de0bc4ecf4b936e425,DRB_N,D8460002,NIFTY23NOV2318650PE,-20,0,-20,2700000
655d75de0bc4ecf4b936e426,MagicRS,D9550012,BANKNIFTY22NOV2342100PE,-42,0,-42,3000000
655d75de0bc4ecf4b936e427,MagicRS,D8460007,BANKNIFTY22NOV2342100PE,-42,0,-42,1700000
655d75de0bc4ecf4b936e428,MagicRS,D8460006,BANKNIFTY22NOV2342100PE,-42,0,-42,1000000
655d75de0bc4ecf4b936e429,MagicRS,D7730022,BANKNIFTY22NOV2342100PE,-84,0,-84,650000
655d75de0bc4ecf4b936e42a,MagicRS,D8460005,BANKNIFTY22NOV2342100PE,-42,0,-42,1400000
655d75de0bc4ecf4b936e42b,MagicRS,D8460002,BANKNIFTY22NOV2342100PE,-42,0,-42,2700000
655d75de0bc4ecf4b936e42c,MagicRS,D9550016,BANKNIFTY22NOV2342100PE,-42,0,-42,1600000
655d75de0bc4ecf4b936e42d,MagicRS,D9550018,BANKNIFTY22NOV2342100PE,-21,0,-21,600000
655d75de0bc4ecf4b936e42e,MagicRS,D8460003,BANKNIFTY22NOV2342100PE,-42,0,-42,900000
655d75de0bc4ecf4b936e42f,MagicRS,D9550019,BANKNIFTY22NOV2342100PE,-21,0,-21,600000
655d75de0bc4ecf4b936e430,MagicRS,D9550017,BANKNIFTY22NOV2342100PE,-42,0,-42,1000000
655d75de0bc4ecf4b936e431,MagicRS,D7730010,BANKNIFTY22NOV2342100PE,-21,0,-21,600000
655d75de0bc4ecf4b936e432,MagicRS,D9550002,BANKNIFTY22NOV2342100PE,-42,0,-42,2400000
655d75de0bc4ecf4b936e433,MagicRS,D7730021,BANKNIFTY22NOV2342100PE,-42,0,-42,1000000
655d75de0bc4ecf4b936e434,MagicRS,D9550006,BANKNIFTY22NOV2342100PE,-42,0,-42,900000
655d75de0bc4ecf4b936e435,MagicRS,B1700057,BANKNIFTY22NOV2342100PE,-84,0,-84,5000000
655d75de0bc4ecf4b936e436,MagicRS,D7730012,BANKNIFTY22NOV2342100PE,-42,0,-42,600000
655d75de0bc4ecf4b936e437,MagicRS,D9550004,BANKNIFTY22NOV2342100PE,-42,0,-42,1000000
655d75de0bc4ecf4b936e438,MagicRS,D8460004,BANKNIFTY22NOV2342100PE,-42,0,-42,600000
655d75de0bc4ecf4b936e439,MagicRS,D7730004,BANKNIFTY22NOV2342100PE,-42,0,-42,900000
655d75de0bc4ecf4b936e43a,MagicRS,D0350354,BANKNIFTY22NOV2342100PE,-42,0,-42,600000
655d75de0bc4ecf4b936e43b,DRBS_BN,B1700057,BANKNIFTY22NOV2342400PE,-57,0,-57,5000000
655d75de0bc4ecf4b936e43c,MagicRS,D7730007,BANKNIFTY22NOV2342100PE,-42,0,-42,1800000
655d75de0bc4ecf4b936e43d,MagicRS,D7730008,BANKNIFTY22NOV2342100PE,-42,0,-42,2000000
655d75de0bc4ecf4b936e43e,MagicRS,D0151150,BANKNIFTY22NOV2342100PE,-42,0,-42,900000
655d75de0bc4ecf4b936e43f,MagicRS,D9550014,BANKNIFTY22NOV2342100PE,-42,0,-42,600000
655d75de0bc4ecf4b936e440,MagicRS,D9550011,BANKNIFTY22NOV2342100PE,-21,0,-21,600000
655d75de0bc4ecf4b936e441,MagicRS,D9550005,BANKNIFTY22NOV2342100PE,-42,0,-42,1000000
655d75de0bc4ecf4b936e442,DRBS_N,B1700057,NIFTY23NOV2319500PE,-262.5,0,-262.5,5000000
655d75de0bc4ecf4b936e443,ProtectionHedge,D8460002,BANKNIFTY22NOV2341500PE,-126,0,-126,2700000
655d75de0bc4ecf4b936e444,ProtectionHedge,D8460002,NIFTY23NOV2318950PE,-70,0,-70,2700000
655d797e0bc4ecf4b936e445,MR50_DC,D8460007,BANKNIFTY30NOV2343500PE,-2380.5,0,-2380.5,1700000
655d797e0bc4ecf4b936e446,MagicReversal50,D7730008,BANKNIFTY30NOV2343500PE,-4756.5,0,-4756.5,2000000
655d797e0bc4ecf4b936e447,MR50_DC,D9550012,BANKNIFTY30NOV2343500PE,-4754.25,0,-4754.25,3000000
655d797e0bc4ecf4b936e448,MagicReversal50,D9550012,BANKNIFTY30NOV2343500PE,-4740,0,-4740,3000000
655d797e0bc4ecf4b936e449,MagicReversal50,D7730007,BANKNIFTY30NOV2343500PE,-4755,0,-4755,1800000
655d79830bc4ecf4b936e44a,MR50_DC,D7730007,BANKNIFTY30NOV2343500PE,-4752,0,-4752,1800000
655d79830bc4ecf4b936e44b,MagicReversal50,D8460007,BANKNIFTY30NOV2343500PE,-4758,0,-4758,1700000
655d79830bc4ecf4b936e44c,MR50_DC,D8460002,BANKNIFTY30NOV2343500PE,-4761,0,-4761,2700000
655d79830bc4ecf4b936e44d,MagicReversal50,D8460002,BANKNIFTY30NOV2343500PE,-4753.5,0,-4753.5,2700000
655d79830bc4ecf4b936e44e,MagicReversal50,D9550002,BANKNIFTY30NOV2343500PE,-4740,0,-4740,2400000
655d79830bc4ecf4b936e44f,MagicReversal50,D7730022,BANKNIFTY30NOV2343500PE,-4749,0,-4749,650000
655d79830bc4ecf4b936e450,MagicRS,D8460006,BANKNIFTY30NOV2341600PE,7.5,0,7.5,1000000
655d79830bc4ecf4b936e451,MagicRS,D9550004,BANKNIFTY30NOV2341600PE,7.5,0,7.5,1000000
655d79830bc4ecf4b936e452,MagicRS,D8460005,BANKNIFTY30NOV2341600PE,7.5,0,7.5,1400000
655d79830bc4ecf4b936e453,MagicRS,D0350354,BANKNIFTY30NOV2341600PE,7.5,0,7.5,600000
655d79830bc4ecf4b936e454,MagicRS,D9550017,BANKNIFTY30NOV2341600PE,7.5,0,7.5,1000000
655d79830bc4ecf4b936e455,MagicRS,D9550018,BANKNIFTY30NOV2341600PE,0.75,0,0.75,600000
655d79830bc4ecf4b936e456,MagicRS,D9550006,BANKNIFTY30NOV2341600PE,7.5,0,7.5,900000
655d79830bc4ecf4b936e457,MagicRS,D0151150,BANKNIFTY30NOV2341600PE,1.5,0,1.5,900000
655d79830bc4ecf4b936e458,MagicRS,D8460003,BANKNIFTY30NOV2341600PE,1.5,0,1.5,900000
655d79830bc4ecf4b936e459,MagicRS,D7730021,BANKNIFTY30NOV2341600PE,1.5,0,1.5,1000000
655d79830bc4ecf4b936e45a,MagicRS,D9550011,BANKNIFTY30NOV2341600PE,0.75,0,0.75,600000
655d79830bc4ecf4b936e45b,MagicRS,D9550002,BANKNIFTY30NOV2341600PE,1.5,0,1.5,2400000
655d79830bc4ecf4b936e45c,MagicRS,D8460002,BANKNIFTY30NOV2341600PE,1.5,0,1.5,2700000
655d79830bc4ecf4b936e45d,MagicRS,D9550005,BANKNIFTY30NOV2341600PE,1.5,0,1.5,1000000
655d79830bc4ecf4b936e45e,MagicRS,D7730008,BANKNIFTY30NOV2341600PE,1.5,0,1.5,2000000
655d79830bc4ecf4b936e45f,MagicRS,D9550016,BANKNIFTY30NOV2341600PE,1.5,0,1.5,1600000
655d79830bc4ecf4b936e460,MagicRS,D7730010,BANKNIFTY30NOV2341600PE,0.75,0,0.75,600000
655d79830bc4ecf4b936e461,MagicRS,D8460007,BANKNIFTY30NOV2341600PE,1.5,0,1.5,1700000
655d79830bc4ecf4b936e462,MagicRS,D9550014,BANKNIFTY30NOV2341600PE,1.5,0,1.5,600000
655d79830bc4ecf4b936e463,MagicRS,D7730007,BANKNIFTY30NOV2341600PE,1.5,0,1.5,1800000
655d79830bc4ecf4b936e464,MTRS_3C,B1700057,BANKNIFTY30NOV2341600PE,7.5,0,7.5,5000000
655d79830bc4ecf4b936e465,MagicRS,D7730022,BANKNIFTY30NOV2341600PE,15,0,15,650000
655d79830bc4ecf4b936e466,MagicRS,D8460004,BANKNIFTY30NOV2341600PE,1.5,0,1.5,600000
655d79830bc4ecf4b936e467,MagicRS,B1700057,BANKNIFTY30NOV2341600PE,15,0,15,5000000
655d79830bc4ecf4b936e468,MTRS_2C,D8460002,BANKNIFTY30NOV2341600PE,6,0,6,2700000
655d79830bc4ecf4b936e469,MagicRS,D9550012,BANKNIFTY30NOV2341600PE,7.5,0,7.5,3000000
655d79830bc4ecf4b936e46a,MagicRS,D7730004,BANKNIFTY30NOV2341600PE,7.5,0,7.5,900000
655d79830bc4ecf4b936e46b,MagicPair,D9550012,BANKNIFTY30NOV2343500PE,-4717.5,0,-4717.5,3000000
655d79830bc4ecf4b936e46c,MTRS_3C,D8460002,BANKNIFTY30NOV2341600PE,7.5,0,7.5,2700000
655d79830bc4ecf4b936e46d,MagicRS,D7730012,BANKNIFTY30NOV2341600PE,7.5,0,7.5,600000
655d79830bc4ecf4b936e46e,MagicRS,D9550019,BANKNIFTY30NOV2341600PE,3.75,0,3.75,600000
655d79830bc4ecf4b936e46f,MagicPair,B1700057,BANKNIFTY30NOV2343500PE,-4742.25,0,-4742.25,5000000
655d79830bc4ecf4b936e470,MagicPair,D7730022,BANKNIFTY30NOV2343500PE,-4740,0,-4740,650000
655d79830bc4ecf4b936e471,MagicRS,D9550017,BANKNIFTY30NOV2343600PE,-5362.5,0,-5362.5,1000000
655d79830bc4ecf4b936e472,MagicRS,D9550014,BANKNIFTY30NOV2343600PE,-5409,0,-5409,600000
655d79830bc4ecf4b936e473,MagicRS,B1700057,BANKNIFTY30NOV2343600PE,-10710,0,-10710,5000000
655d79830bc4ecf4b936e474,MagicRS,D8460006,BANKNIFTY30NOV2343600PE,-5425.5,0,-5425.5,1000000
655d79830bc4ecf4b936e475,MagicRS,D8460007,BANKNIFTY30NOV2343600PE,-5349.45,0,-5349.45,1700000
655d79830bc4ecf4b936e476,MagicRS,D7730007,BANKNIFTY30NOV2343600PE,-5404.5,0,-5404.5,1800000
655d79830bc4ecf4b936e477,MagicRS,D0350354,BANKNIFTY30NOV2343600PE,-5377.5,0,-5377.5,600000
655d79830bc4ecf4b936e478,MagicRS,D7730004,BANKNIFTY30NOV2343600PE,-5349,0,-5349,900000
655d79830bc4ecf4b936e479,MagicRS,D7730008,BANKNIFTY30NOV2343600PE,-5385,0,-5385,2000000
655d79830bc4ecf4b936e47a,MagicRS,D9550004,BANKNIFTY30NOV2343600PE,-5383.5,0,-5383.5,1000000
655d79830bc4ecf4b936e47b,MagicRS,D7730022,BANKNIFTY30NOV2343600PE,-10881,0,-10881,650000
655d79830bc4ecf4b936e47c,MagicRS,D0151150,BANKNIFTY30NOV2343600PE,-5385,0,-5385,900000
655d79830bc4ecf4b936e47d,MagicRS,D8460004,BANKNIFTY30NOV2343600PE,-5383.5,0,-5383.5,600000
655d79830bc4ecf4b936e47e,MagicRS,D9550012,BANKNIFTY30NOV2343600PE,-5385.3,0,-5385.3,3000000
655d79830bc4ecf4b936e47f,MagicRS,D9550019,BANKNIFTY30NOV2343600PE,-2716.5,0,-2716.5,600000
655d79830bc4ecf4b936e480,MagicRS,D8460002,BANKNIFTY30NOV2343600PE,-5394,0,-5394,2700000
655d79830bc4ecf4b936e481,MagicRS,D7730021,BANKNIFTY30NOV2343600PE,-5385,0,-5385,1000000
655d79830bc4ecf4b936e482,MagicRS,D9550018,BANKNIFTY30NOV2343600PE,-2721,0,-2721,600000
655d79830bc4ecf4b936e483,MagicRS,D9550002,BANKNIFTY30NOV2343600PE,-5437.5,0,-5437.5,2400000
655d79830bc4ecf4b936e484,MagicRS,D9550005,BANKNIFTY30NOV2343600PE,-5392.2,0,-5392.2,1000000
655d79830bc4ecf4b936e485,MagicRS,D7730010,BANKNIFTY30NOV2343600PE,-2717.25,0,-2717.25,600000
655d79830bc4ecf4b936e486,MagicRS,D9550006,BANKNIFTY30NOV2343600PE,-5392.95,0,-5392.95,900000
655d79830bc4ecf4b936e487,MagicRS,D9550011,BANKNIFTY30NOV2343600PE,-2724.75,0,-2724.75,600000
655d79830bc4ecf4b936e488,MagicRS,D7730012,BANKNIFTY30NOV2343600PE,-5442.75,0,-5442.75,600000
655d79830bc4ecf4b936e489,MagicRS,D8460005,BANKNIFTY30NOV2343600PE,-5394,0,-5394,1400000
655d79830bc4ecf4b936e48a,MagicRS,D9550016,BANKNIFTY30NOV2343600PE,-5406,0,-5406,1600000
655d79830bc4ecf4b936e48b,MagicRS,D8460003,BANKNIFTY30NOV2343600PE,-5394,0,-5394,900000
655d79830bc4ecf4b936e48c,MTRS_2C,D8460002,BANKNIFTY30NOV2343600PE,-5313.45,0,-5313.45,2700000
655d79830bc4ecf4b936e48d,MTRS_3C,B1700057,BANKNIFTY30NOV2343600PE,-5299.5,0,-5299.5,5000000
655d79830bc4ecf4b936e48e,MTRS_3C,D8460002,BANKNIFTY30NOV2343600PE,-5322,0,-5322,2700000
655d79b90bc4ecf4b936e48f,GRB,B1700057,BANKNIFTY30NOV2343500PE,-2313.75,0,-2313.75,5000000
655d79b90bc4ecf4b936e490,GRB,D9550016,BANKNIFTY30NOV2343500PE,-2318.25,0,-2318.25,1600000
655d79b90bc4ecf4b936e491,NDST_N,B1700057,NIFTY23NOV2319850CE,0,1272.5,1272.5,5000000
655d79b90bc4ecf4b936e492,NDST_N,B1700057,NIFTY23NOV2319750PE,-815,0,-815,5000000
655d79f80bc4ecf4b936e493,DOZ_BN,D9550012,BANKNIFTY22NOV2343200PE,0,13704,13704,3000000
655d79f80bc4ecf4b936e494,DOZ_BN,D9550016,BANKNIFTY22NOV2343200PE,0,13664.4,13664.4,1600000
655d79f80bc4ecf4b936e495,DRB_BN,D7730022,BANKNIFTY30NOV2341500PE,0,0,0,650000
655d79f80bc4ecf4b936e496,DRB_BN,D8460002,BANKNIFTY30NOV2341500PE,0,0,0,2700000
655d79f80bc4ecf4b936e497,DRBS_BN,B1700057,BANKNIFTY30NOV2343600PE,-1224,0,-1224,5000000
655d79f80bc4ecf4b936e498,DOZ_BN,D9550012,BANKNIFTY22NOV2344300CE,0,36,36,3000000
655d79f80bc4ecf4b936e499,DRB_BN,D9550016,BANKNIFTY30NOV2341500PE,0,0,0,1600000
655d79f80bc4ecf4b936e49a,DOZB_BN,B1700057,BANKNIFTY22NOV2343100PE,0,1783.5,1783.5,5000000
655d79f80bc4ecf4b936e49b,DOZ_BN,D9550016,BANKNIFTY22NOV2344300CE,0,36,36,1600000
655d79f80bc4ecf4b936e49c,DOZ_BN,B1700057,BANKNIFTY22NOV2343200PE,0,3423.75,3423.75,5000000
655d79f80bc4ecf4b936e49d,DOZB_BN,B1700057,BANKNIFTY22NOV2344600CE,0,45,45,5000000
655d79fd0bc4ecf4b936e49e,DOZ_BN,B1700057,BANKNIFTY22NOV2344300CE,0,9,9,5000000
655d79fd0bc4ecf4b936e49f,DRB_BN,D8460002,BANKNIFTY30NOV2343500PE,-1095,0,-1095,2700000
655d79fd0bc4ecf4b936e4a0,DOZB_BN,B1700057,BANKNIFTY22NOV2343600CE,0,1545.75,1545.75,5000000
655d79fd0bc4ecf4b936e4a1,DRB_BN,D9550016,BANKNIFTY30NOV2343500PE,-547.5,0,-547.5,1600000
655d79fd0bc4ecf4b936e4a2,DOZ_BN,D9550012,BANKNIFTY22NOV2343600CE,0,6171,6171,3000000
655d79fd0bc4ecf4b936e4a3,DRB_BN,D7730022,BANKNIFTY30NOV2343500PE,-1095,0,-1095,650000
655d79fd0bc4ecf4b936e4a4,DOZ_BN,D9550016,BANKNIFTY22NOV2343600CE,0,6171,6171,1600000
655d79fd0bc4ecf4b936e4a5,DOZ_BN,B1700057,BANKNIFTY22NOV2343600CE,0,1542.75,1542.75,5000000
655d79fd0bc4ecf4b936e4a6,DOZ_BN,D9550012,BANKNIFTY22NOV2343700CE,0,3441,3441,3000000
655d79fd0bc4ecf4b936e4a7,DOZB_BN,B1700057,BANKNIFTY22NOV2343700CE,0,859.5,859.5,5000000
655d79fd0bc4ecf4b936e4a8,DOZB_BN,B1700057,BANKNIFTY22NOV2343800CE,442.5,0,442.5,5000000
655d79fd0bc4ecf4b936e4a9,DOZ_BN,D9550016,BANKNIFTY22NOV2343700CE,0,3438,3438,1600000
655d79fd0bc4ecf4b936e4aa,DOZ_BN,D9550012,BANKNIFTY22NOV2343800CE,1761,0,1761,3000000
655d79fd0bc4ecf4b936e4ab,DOZ_BN,B1700057,BANKNIFTY22NOV2343700CE,0,859.5,859.5,5000000
655d79fd0bc4ecf4b936e4ac,DOZB_BN,B1700057,BANKNIFTY22NOV2343900CE,213.75,0,213.75,5000000
655d79fd0bc4ecf4b936e4ad,DOZ_BN,B1700057,BANKNIFTY22NOV2343800CE,440.25,0,440.25,5000000
655d79fd0bc4ecf4b936e4ae,DOZ_BN,D9550016,BANKNIFTY22NOV2343800CE,1764,0,1764,1600000
655d79fd0bc4ecf4b936e4af,DOZ_BN,D9550012,BANKNIFTY22NOV2343900CE,855,0,855,3000000
655d79fd0bc4ecf4b936e4b0,DOZB_BN,B1700057,BANKNIFTY22NOV2343700PE,0,5489.25,5489.25,5000000
655d79fd0bc4ecf4b936e4b1,DOZ_BN,B1700057,BANKNIFTY22NOV2343900CE,214.5,0,214.5,5000000
655d79fd0bc4ecf4b936e4b2,DOZ_BN,D9550012,BANKNIFTY22NOV2343700PE,-702,0,-702,3000000
655d79fd0bc4ecf4b936e4b3,DOZB_BN,B1700057,BANKNIFTY22NOV2343600PE,-2065.5,0,-2065.5,5000000
655d79fd0bc4ecf4b936e4b4,DOZ_BN,D9550016,BANKNIFTY22NOV2343700PE,-711,0,-711,1600000
655d79fd0bc4ecf4b936e4b5,DOZ_BN,B1700057,BANKNIFTY22NOV2343700PE,-174.75,0,-174.75,5000000
655d79fd0bc4ecf4b936e4b6,DOZ_BN,D9550016,BANKNIFTY22NOV2343600PE,-9009.15,0,-9009.15,1600000
655d79fd0bc4ecf4b936e4b7,DOZ_BN,D9550012,BANKNIFTY22NOV2343600PE,-9259.05,0,-9259.05,3000000
655d79fd0bc4ecf4b936e4b8,DOZB_BN,B1700057,BANKNIFTY22NOV2343500PE,-1594.5,0,-1594.5,5000000
655d79fd0bc4ecf4b936e4b9,DOZ_BN,B1700057,BANKNIFTY22NOV2343600PE,-2303.25,0,-2303.25,5000000
655d79fd0bc4ecf4b936e4ba,DOZB_BN,B1700057,BANKNIFTY22NOV2343400PE,-2005.5,0,-2005.5,5000000
655d79fd0bc4ecf4b936e4bb,DOZ_BN,D9550016,BANKNIFTY22NOV2343500PE,-6426,0,-6426,1600000
655d79fd0bc4ecf4b936e4bc,DOZ_BN,D9550012,BANKNIFTY22NOV2343500PE,-6447,0,-6447,3000000
655d79fd0bc4ecf4b936e4bd,DOZ_BN,B1700057,BANKNIFTY22NOV2343500PE,-1611.75,0,-1611.75,5000000
655d79fd0bc4ecf4b936e4be,DOZ_BN,D9550016,BANKNIFTY22NOV2343400PE,-8067.15,0,-8067.15,1600000
655d79fd0bc4ecf4b936e4bf,DOZ_BN,D9550012,BANKNIFTY22NOV2343400PE,-8049,0,-8049,3000000
655d79fd0bc4ecf4b936e4c0,DOZ_BN,B1700057,BANKNIFTY22NOV2343400PE,-2002.5,0,-2002.5,5000000
655d7a350bc4ecf4b936e4c1,DRB_N,D7730022,NIFTY23NOV2319300PE,5,0,5,650000
655d7a350bc4ecf4b936e4c2,DRB_N,D9550016,NIFTY23NOV2319300PE,5,0,5,1600000
655d7a350bc4ecf4b936e4c3,DRB_N,D8460002,NIFTY23NOV2319300PE,5,0,5,2700000
655d7a350bc4ecf4b936e4c4,DRB_N,D9550016,NIFTY23NOV2319850PE,-590,0,-590,1600000
655d7a350bc4ecf4b936e4c5,DRB_N,D8460002,NIFTY23NOV2319850PE,-562.5,0,-562.5,2700000
655d7a350bc4ecf4b936e4c6,DRB_N,D7730022,NIFTY23NOV2319850PE,-560,0,-560,650000
655d7a460bc4ecf4b936e4c7,zMarginManager_D9550016,D9550016,BANKNIFTY22NOV2344300CE,0,16.5,16.5,1600000
655d7a460bc4ecf4b936e4c8,zMarginManager_D9550016,D9550016,BANKNIFTY22NOV2343200PE,0,5737.5,5737.5,1600000
655d7a5b0bc4ecf4b936e4c9,DOZ_BN,D9550016,BANKNIFTY22NOV2343900CE,882,0,882,1600000
655d7a730bc4ecf4b936e4ca,EmaX_N,B1700057,NIFTY23NOV2319850PE,12.5,0,12.5,5000000
655d7b5d0bc4ecf4b936e4cb,Exp3StatBN,B1700057,BANKNIFTY22NOV2344700CE,4.5,0,4.5,5000000
655d7b620bc4ecf4b936e4cc,Exp3StatBN,B1700057,BANKNIFTY22NOV2343600CE,6837,0,6837,5000000
655d7bed0bc4ecf4b936e4cd,ExpWStdBHLBN,B1700057,BANKNIFTY22NOV2342800PE,36,0,36,5000000
655d7bed0bc4ecf4b936e4ce,ExpWStdBHLBN,D8460002,BANKNIFTY22NOV2342800PE,72,0,72,2700000
655d7bed0bc4ecf4b936e4cf,ExpWStdBHLBN,D9550002,BANKNIFTY22NOV2342800PE,34.5,0,34.5,2400000
655d7bf20bc4ecf4b936e4d0,ExpWStdBHLBN,D8460002,BANKNIFTY22NOV2343500PE,-12131.7,0,-12131.7,2700000
655d7bf20bc4ecf4b936e4d1,ExpWStdBHLBN,D9550002,BANKNIFTY22NOV2343500PE,-6115.5,0,-6115.5,2400000
655d7bf20bc4ecf4b936e4d2,ExpWStdBHLBN,B1700057,BANKNIFTY22NOV2343500PE,-6061.5,0,-6061.5,5000000
655d7c130bc4ecf4b936e4d3,Exp3StatBN,B1700057,BANKNIFTY22NOV2344800CE,3,0,3,5000000
655d7c4d0bc4ecf4b936e4d4,RenkoExpBN,D7730008,BANKNIFTY22NOV2344600CE,0,30,30,2000000
655d7c4d0bc4ecf4b936e4d5,GRB,B1700057,BANKNIFTY30NOV2343800CE,0,1577.25,1577.25,5000000
655d7c4d0bc4ecf4b936e4d6,GRB,D9550016,BANKNIFTY30NOV2343800CE,0,1578.75,1578.75,1600000
655d7c4d0bc4ecf4b936e4d7,RenkoExpBN,D7730007,BANKNIFTY22NOV2344600CE,0,30,30,1800000
655d7c4d0bc4ecf4b936e4d8,RenkoExpBN,B1700057,BANKNIFTY22NOV2344600CE,0,60,60,5000000
655d7c4d0bc4ecf4b936e4d9,RenkoExpBN,D8460002,BANKNIFTY22NOV2344600CE,0,60,60,2700000
655d7c4d0bc4ecf4b936e4da,RenkoExpBN,D9550002,BANKNIFTY22NOV2344600CE,0,30,30,2400000
655d7c4d0bc4ecf4b936e4db,DRBS_BN,B1700057,BANKNIFTY22NOV2344200CE,3,0,3,5000000
655d7c520bc4ecf4b936e4dc,DRBS_BN,B1700057,BANKNIFTY22NOV2343100PE,453,0,453,5000000
655d7c520bc4ecf4b936e4dd,RenkoExpBN,D8460002,BANKNIFTY22NOV2343600CE,3485.85,0,3485.85,2700000
655d7c520bc4ecf4b936e4de,RenkoExpBN,D7730007,BANKNIFTY22NOV2343600CE,1761,0,1761,1800000
655d7c520bc4ecf4b936e4df,RenkoExpBN,D7730008,BANKNIFTY22NOV2343600CE,1743,0,1743,2000000
655d7c520bc4ecf4b936e4e0,RenkoExpBN,B1700057,BANKNIFTY22NOV2343600CE,3536.4,0,3536.4,5000000
655d7c520bc4ecf4b936e4e1,RenkoExpBN,D9550002,BANKNIFTY22NOV2343600CE,1756.2,0,1756.2,2400000
655d7c570bc4ecf4b936e4e2,DRBS_BN,B1700057,BANKNIFTY30NOV2345700CE,0,0,0,5000000
655d7c5c0bc4ecf4b936e4e3,DRBS_BN,B1700057,BANKNIFTY30NOV2343600CE,0,4271.25,4271.25,5000000
655d7c8a0bc4ecf4b936e4e4,RenkoExpBN,B1700057,BANKNIFTY22NOV2344800CE,0,30,30,5000000
655d7c8a0bc4ecf4b936e4e5,RenkoExpBN,D7730008,BANKNIFTY22NOV2344800CE,0,15,15,2000000
655d7c8a0bc4ecf4b936e4e6,RenkoExpBN,D8460002,BANKNIFTY22NOV2344800CE,0,30,30,2700000
655d7c8a0bc4ecf4b936e4e7,RenkoExpBN,D9550002,BANKNIFTY22NOV2344800CE,0,15,15,2400000
655d7c8a0bc4ecf4b936e4e8,RenkoExpBN,D7730007,BANKNIFTY22NOV2344800CE,0,15,15,1800000
655d7c8a0bc4ecf4b936e4e9,DOZ_BN,D9550016,BANKNIFTY22NOV2344400CE,0,-9,-9,1600000
655d7c8a0bc4ecf4b936e4ea,DOZ_BN,D9550012,BANKNIFTY22NOV2344400CE,0,-9,-9,3000000
655d7c8a0bc4ecf4b936e4eb,DOZ_BN,B1700057,BANKNIFTY22NOV2344400CE,0,-2.25,-2.25,5000000
655d7c8a0bc4ecf4b936e4ec,DRBS_BN,B1700057,BANKNIFTY22NOV2344300CE,-3,0,-3,5000000
655d7c8a0bc4ecf4b936e4ed,DRBS_BN,B1700057,BANKNIFTY22NOV2343000PE,186,0,186,5000000
655d7c8f0bc4ecf4b936e4ee,DOZ_BN,D9550012,BANKNIFTY22NOV2343500CE,0,3849,3849,3000000
655d7c8f0bc4ecf4b936e4ef,DOZ_BN,D9550016,BANKNIFTY22NOV2343500CE,0,3827.85,3827.85,1600000
655d7c8f0bc4ecf4b936e4f0,DOZ_BN,B1700057,BANKNIFTY22NOV2343500CE,0,957.75,957.75,5000000
655d7cca0bc4ecf4b936e4f1,Exp3StatBN,B1700057,BANKNIFTY22NOV2346000CE,-9,0,-9,5000000
655d7cca0bc4ecf4b936e4f2,DOZB_BN,B1700057,BANKNIFTY22NOV2343500CE,0,484.5,484.5,5000000
655d7cca0bc4ecf4b936e4f3,ExpiryWedBHLN,D7730008,NIFTY23NOV2320350CE,2.5,0,2.5,2000000
655d7cca0bc4ecf4b936e4f4,ExpiryWedBHLN,D7730007,NIFTY23NOV2320350CE,2.5,0,2.5,1800000
655d7cca0bc4ecf4b936e4f5,ExpiryWedBHLN,D8460002,NIFTY23NOV2320350CE,5,0,5,2700000
655d7cca0bc4ecf4b936e4f6,ExpiryWedBHLN,D9550005,NIFTY23NOV2320350CE,2.5,0,2.5,1000000
655d7cca0bc4ecf4b936e4f7,ExpiryWedBHLN,D8460006,NIFTY23NOV2320350CE,2.5,0,2.5,1000000
655d7cca0bc4ecf4b936e4f8,ExpiryWedBHLN,D9550017,NIFTY23NOV2320350CE,2.5,0,2.5,1000000
655d7cca0bc4ecf4b936e4f9,ExpiryWedBHLN,D8460005,NIFTY23NOV2320350CE,2.5,0,2.5,1400000
655d7cca0bc4ecf4b936e4fa,ExpiryWedBHLN,D0350354,NIFTY23NOV2320350CE,2.5,0,2.5,600000
655d7cca0bc4ecf4b936e4fb,ExpiryWedBHLN,B1700057,NIFTY23NOV2320350CE,2.5,0,2.5,5000000
655d7cca0bc4ecf4b936e4fc,ExpiryWedBHLN,D9550002,NIFTY23NOV2320350CE,2.5,0,2.5,2400000
655d7cca0bc4ecf4b936e4fd,ExpWStdBHLN,D9550002,NIFTY23NOV2320200CE,5,0,5,2400000
655d7cca0bc4ecf4b936e4fe,ExpWStdBHLN,B1700057,NIFTY23NOV2320200CE,5,0,5,5000000
655d7cca0bc4ecf4b936e4ff,ExpWStdBHLN,D8460002,NIFTY23NOV2320200CE,10,0,10,2700000
655d7ccf0bc4ecf4b936e500,ExpiryWedBHLN,D9550017,NIFTY23NOV2319850CE,0,1902.5,1902.5,1000000
655d7ccf0bc4ecf4b936e501,ExpiryWedBHLN,B1700057,NIFTY23NOV2319850CE,0,1897.5,1897.5,5000000
655d7ccf0bc4ecf4b936e502,ExpiryWedBHLN,D7730008,NIFTY23NOV2319850CE,0,1897.5,1897.5,2000000
655d7ccf0bc4ecf4b936e503,ExpiryWedBHLN,D7730007,NIFTY23NOV2319850CE,0,1897.5,1897.5,1800000
655d7ccf0bc4ecf4b936e504,ExpiryWedBHLN,D0350354,NIFTY23NOV2319850CE,0,1897.5,1897.5,600000
655d7ccf0bc4ecf4b936e505,ExpiryWedBHLN,D8460005,NIFTY23NOV2319850CE,0,1900,1900,1400000
655d7ccf0bc4ecf4b936e506,ExpiryWedBHLN,D8460002,NIFTY23NOV2319850CE,0,3780,3780,2700000
655d7ccf0bc4ecf4b936e507,ExpiryWedBHLN,D8460006,NIFTY23NOV2319850CE,0,1890,1890,1000000
655d7ccf0bc4ecf4b936e508,ExpiryWedBHLN,D9550005,NIFTY23NOV2319850CE,0,1907.5,1907.5,1000000
655d7ccf0bc4ecf4b936e509,ExpiryWedBHLN,D9550002,NIFTY23NOV2319850CE,0,1900,1900,2400000
655d7ccf0bc4ecf4b936e50a,ExpWStdBHLN,B1700057,NIFTY23NOV2319800CE,0,3145,3145,5000000
655d7ccf0bc4ecf4b936e50b,ExpWStdBHLN,D9550002,NIFTY23NOV2319800CE,0,3147.5,3147.5,2400000
655d7ccf0bc4ecf4b936e50c,ExpWStdBHLN,D8460002,NIFTY23NOV2319800CE,0,6294,6294,2700000
655d7df80bc4ecf4b936e50d,MTR_2C,B1700057,BANKNIFTY30NOV2343500PE,-4522.5,0,-4522.5,5000000
655d7df80bc4ecf4b936e50e,MTR_2C,D9550016,BANKNIFTY30NOV2343500PE,-2265,0,-2265,1600000
655d7ee60bc4ecf4b936e50f,Exp3StatBN,B1700057,BANKNIFTY22NOV2343600PE,-2026.5,0,-2026.5,5000000
655d7ee60bc4ecf4b936e510,Exp3StatBN,B1700057,BANKNIFTY22NOV2342800PE,64.5,0,64.5,5000000
655d7f1e0bc4ecf4b936e511,ExpWStdBHLN,B1700057,NIFTY23NOV2319200PE,-40,0,-40,5000000
655d7f1e0bc4ecf4b936e512,ExpWStdBHLN,D9550002,NIFTY23NOV2319200PE,-40,0,-40,2400000
655d7f1e0bc4ecf4b936e513,ExpWStdBHLN,D8460002,NIFTY23NOV2319200PE,-80,0,-80,2700000
655d7f240bc4ecf4b936e514,ExpiryWedBHLN,D8460005,NIFTY23NOV2319200PE,-10,0,-10,1400000
655d7f240bc4ecf4b936e515,ExpiryWedBHLN,D9550002,NIFTY23NOV2319200PE,-10,0,-10,2400000
655d7f240bc4ecf4b936e516,ExpiryWedBHLN,D9550005,NIFTY23NOV2319200PE,-10,0,-10,1000000
655d7f240bc4ecf4b936e517,ExpiryWedBHLN,D8460006,NIFTY23NOV2319200PE,-10,0,-10,1000000
655d7f240bc4ecf4b936e518,ExpiryWedBHLN,D7730007,NIFTY23NOV2319200PE,-10,0,-10,1800000
655d7f240bc4ecf4b936e519,ExpiryWedBHLN,D9550017,NIFTY23NOV2319200PE,-10,0,-10,1000000
655d7f240bc4ecf4b936e51a,ExpiryWedBHLN,D0350354,NIFTY23NOV2319200PE,-10,0,-10,600000
655d7f240bc4ecf4b936e51b,ExpiryWedBHLN,D8460002,NIFTY23NOV2319200PE,-20,0,-20,2700000
655d7f240bc4ecf4b936e51c,ExpiryWedBHLN,B1700057,NIFTY23NOV2319200PE,-10,0,-10,5000000
655d7f240bc4ecf4b936e51d,ExpiryWedBHLN,D7730008,NIFTY23NOV2319200PE,-10,0,-10,2000000
655d7f240bc4ecf4b936e51e,ExpWStdBHLN,D8460002,NIFTY23NOV2319800PE,-1365,0,-1365,2700000
655d7f240bc4ecf4b936e51f,ExpWStdBHLN,D9550002,NIFTY23NOV2319800PE,-682.5,0,-682.5,2400000
655d7f240bc4ecf4b936e520,ExpWStdBHLN,B1700057,NIFTY23NOV2319800PE,-707.5,0,-707.5,5000000
655d7f240bc4ecf4b936e521,ExpiryWedBHLN,B1700057,NIFTY23NOV2319800PE,-1267.5,0,-1267.5,5000000
655d7f240bc4ecf4b936e522,ExpiryWedBHLN,D9550017,NIFTY23NOV2319800PE,-1270,0,-1270,1000000
655d7f240bc4ecf4b936e523,ExpiryWedBHLN,D8460006,NIFTY23NOV2319800PE,-1262.5,0,-1262.5,1000000
655d7f240bc4ecf4b936e524,ExpiryWedBHLN,D8460005,NIFTY23NOV2319800PE,-1262.5,0,-1262.5,1400000
655d7f240bc4ecf4b936e525,ExpiryWedBHLN,D9550005,NIFTY23NOV2319800PE,-1267.5,0,-1267.5,1000000
655d7f240bc4ecf4b936e526,ExpiryWedBHLN,D7730008,NIFTY23NOV2319800PE,-1255,0,-1255,2000000
655d7f240bc4ecf4b936e527,ExpiryWedBHLN,D7730007,NIFTY23NOV2319800PE,-1257.5,0,-1257.5,1800000
655d7f240bc4ecf4b936e528,ExpiryWedBHLN,D8460002,NIFTY23NOV2319800PE,-2516,0,-2516,2700000
655d7f2a0bc4ecf4b936e529,ExpiryWedBHLN,D9550002,NIFTY23NOV2319800PE,-1260,0,-1260,2400000
655d7f2a0bc4ecf4b936e52a,ExpiryWedBHLN,D0350354,NIFTY23NOV2319800PE,-1257.5,0,-1257.5,600000
655d7f980bc4ecf4b936e52b,Exp3StatBN,B1700057,BANKNIFTY22NOV2342900PE,-4.5,0,-4.5,5000000
655d7f980bc4ecf4b936e52c,ExpiryWedBHLBN,D8460006,BANKNIFTY22NOV2343000PE,21,0,21,1000000
655d7f980bc4ecf4b936e52d,ExpiryWedBHLBN,D9550005,BANKNIFTY22NOV2343000PE,21,0,21,1000000
655d7f980bc4ecf4b936e52e,ExpiryWedBHLBN,D7730007,BANKNIFTY22NOV2343000PE,21,0,21,1800000
655d7f980bc4ecf4b936e52f,ExpiryWedBHLBN,D0350354,BANKNIFTY22NOV2343000PE,22.5,0,22.5,600000
655d7f980bc4ecf4b936e530,ExpiryWedBHLBN,D9550002,BANKNIFTY22NOV2343000PE,27,0,27,2400000
655d7f980bc4ecf4b936e531,ExpiryWedBHLBN,D8460002,BANKNIFTY22NOV2343000PE,45,0,45,2700000
655d7f980bc4ecf4b936e532,ExpiryWedBHLBN,D9550017,BANKNIFTY22NOV2343000PE,21,0,21,1000000
655d7f980bc4ecf4b936e533,ExpiryWedBHLBN,D8460005,BANKNIFTY22NOV2343000PE,19.5,0,19.5,1400000
655d7f980bc4ecf4b936e534,ExpiryWedBHLBN,D7730008,BANKNIFTY22NOV2343000PE,21,0,21,2000000
655d7f980bc4ecf4b936e535,ExpiryWedBHLBN,B1700057,BANKNIFTY22NOV2343000PE,27,0,27,5000000
655d7f980bc4ecf4b936e536,ExpWStdBHLBN,D8460002,BANKNIFTY22NOV2343000PE,45,0,45,2700000
655d7f980bc4ecf4b936e537,ExpWStdBHLBN,D9550002,BANKNIFTY22NOV2343000PE,22.5,0,22.5,2400000
655d7f980bc4ecf4b936e538,ExpWStdBHLBN,B1700057,BANKNIFTY22NOV2343000PE,22.5,0,22.5,5000000
655d7f9d0bc4ecf4b936e539,ExpiryBHLBN,B1700057,BANKNIFTY22NOV2343000PE,8.25,0,8.25,5000000
655d7f9d0bc4ecf4b936e53a,ExpWStdBHLBN,D8460002,BANKNIFTY22NOV2343600PE,-9303.3,0,-9303.3,2700000
655d7f9d0bc4ecf4b936e53b,ExpWStdBHLBN,B1700057,BANKNIFTY22NOV2343600PE,-4593,0,-4593,5000000
655d7f9d0bc4ecf4b936e53c,ExpiryBHLBN,B1700057,BANKNIFTY22NOV2343600PE,-1701,0,-1701,5000000
655d7f9d0bc4ecf4b936e53d,ExpWStdBHLBN,D9550002,BANKNIFTY22NOV2343600PE,-4596.45,0,-4596.45,2400000
655d826a0bc4ecf4b936e53e,DRBS_N,B1700057,NIFTY23NOV2320250CE,-17.5,0,-17.5,5000000
655d826a0bc4ecf4b936e53f,DRBS_N,B1700057,NIFTY23NOV2319050PE,-2.5,0,-2.5,5000000
655d826a0bc4ecf4b936e540,DRBS_N,B1700057,NIFTY23NOV2319950CE,552.5,0,552.5,5000000
655d826f0bc4ecf4b936e541,DRBS_N,B1700057,NIFTY23NOV2319250PE,-25,0,-25,5000000
655d82730bc4ecf4b936e542,DRBS_N,B1700057,NIFTY23NOV2319900PE,-1772.5,0,-1772.5,5000000
655d82a60bc4ecf4b936e543,ExpiryWedBHLN,D8460005,NIFTY23NOV2318900PE,-12.5,0,-12.5,1400000
655d82a60bc4ecf4b936e544,ExpiryWedBHLN,D9550002,NIFTY23NOV2318900PE,-12.5,0,-12.5,2400000
655d82a60bc4ecf4b936e545,ExpiryWedBHLN,D9550017,NIFTY23NOV2318900PE,-12.5,0,-12.5,1000000
655d82a60bc4ecf4b936e546,ExpiryWedBHLN,D8460006,NIFTY23NOV2318900PE,-12.5,0,-12.5,1000000
655d82a60bc4ecf4b936e547,ExpiryWedBHLN,D0350354,NIFTY23NOV2318900PE,-12.5,0,-12.5,600000
655d82a60bc4ecf4b936e548,ExpiryWedBHLN,D7730007,NIFTY23NOV2318900PE,-12.5,0,-12.5,1800000
655d82a60bc4ecf4b936e549,ExpiryWedBHLN,B1700057,NIFTY23NOV2318900PE,-12.5,0,-12.5,5000000
655d82a60bc4ecf4b936e54a,ExpiryWedBHLN,D8460002,NIFTY23NOV2318900PE,-25,0,-25,2700000
655d82a60bc4ecf4b936e54b,ExpiryWedBHLN,D7730008,NIFTY23NOV2318900PE,-12.5,0,-12.5,2000000
655d82a60bc4ecf4b936e54c,ExpiryWedBHLN,D9550005,NIFTY23NOV2318900PE,-12.5,0,-12.5,1000000
655d82ab0bc4ecf4b936e54d,ExpWStdBHLN,D9550002,NIFTY23NOV2319850PE,-910,0,-910,2400000
655d82ab0bc4ecf4b936e54e,ExpWStdBHLN,B1700057,NIFTY23NOV2319850PE,-905,0,-905,5000000
655d82ab0bc4ecf4b936e54f,ExpWStdBHLN,D8460002,NIFTY23NOV2319850PE,-1820,0,-1820,2700000
655d83d10bc4ecf4b936e550,ExpiryBHLBN,B1700057,BANKNIFTY22NOV2344900CE,-6,0,-6,5000000
655d83d10bc4ecf4b936e551,ExpWStdBHLN,B1700057,NIFTY23NOV2320150CE,0,112.5,112.5,5000000
655d83d10bc4ecf4b936e552,ExpWStdBHLN,D8460002,NIFTY23NOV2320150CE,0,225,225,2700000
655d83d10bc4ecf4b936e553,ExpiryWedBHLN,D7730007,NIFTY23NOV2320200CE,0,120,120,1800000
655d83d10bc4ecf4b936e554,ExpWStdBHLN,D9550002,NIFTY23NOV2320150CE,0,112.5,112.5,2400000
655d83d10bc4ecf4b936e555,ExpiryWedBHLN,D8460005,NIFTY23NOV2320200CE,0,120,120,1400000
655d83d10bc4ecf4b936e556,ExpiryWedBHLN,D8460006,NIFTY23NOV2320200CE,0,120,120,1000000
655d83d10bc4ecf4b936e557,ExpiryWedBHLN,D8460002,NIFTY23NOV2320200CE,0,240,240,2700000
655d83d10bc4ecf4b936e558,ExpiryWedBHLN,D9550017,NIFTY23NOV2320200CE,0,120,120,1000000
655d83d10bc4ecf4b936e559,ExpiryWedBHLN,D0350354,NIFTY23NOV2320200CE,0,120,120,600000
655d83d20bc4ecf4b936e55a,ExpiryWedBHLN,D9550005,NIFTY23NOV2320200CE,0,120,120,1000000
655d83d20bc4ecf4b936e55b,ExpiryWedBHLN,D9550002,NIFTY23NOV2320200CE,0,120,120,2400000
655d83d20bc4ecf4b936e55c,ExpiryWedBHLN,B1700057,NIFTY23NOV2320200CE,0,120,120,5000000
655d83d20bc4ecf4b936e55d,ExpiryWedBHLBN,D7730007,BANKNIFTY22NOV2344900CE,0,19.5,19.5,1800000
655d83d20bc4ecf4b936e55e,ExpiryWedBHLN,D7730008,NIFTY23NOV2320200CE,0,120,120,2000000
655d83d20bc4ecf4b936e55f,ExpiryWedBHLBN,D9550017,BANKNIFTY22NOV2344900CE,0,19.5,19.5,1000000
655d83d20bc4ecf4b936e560,ExpiryWedBHLBN,D8460006,BANKNIFTY22NOV2344900CE,0,19.5,19.5,1000000
655d83d20bc4ecf4b936e561,ExpiryWedBHLBN,D9550005,BANKNIFTY22NOV2344900CE,0,19.5,19.5,1000000
655d83d20bc4ecf4b936e562,ExpiryWedBHLBN,D8460005,BANKNIFTY22NOV2344900CE,0,19.5,19.5,1400000
655d83d20bc4ecf4b936e563,ExpiryWedBHLBN,D9550002,BANKNIFTY22NOV2344900CE,0,19.5,19.5,2400000
655d83d20bc4ecf4b936e564,ExpiryWedBHLBN,B1700057,BANKNIFTY22NOV2344900CE,0,19.5,19.5,5000000
655d83d20bc4ecf4b936e565,ExpiryWedBHLBN,D8460002,BANKNIFTY22NOV2344900CE,0,39,39,2700000
655d83d20bc4ecf4b936e566,ExpiryWedBHLBN,D7730008,BANKNIFTY22NOV2344900CE,0,19.5,19.5,2000000
655d83d20bc4ecf4b936e567,ExpiryWedBHLBN,D0350354,BANKNIFTY22NOV2344900CE,0,19.5,19.5,600000
655d83d70bc4ecf4b936e568,ExpiryBHLBN,B1700057,BANKNIFTY22NOV2343600CE,706.5,0,706.5,5000000
655d83d70bc4ecf4b936e569,ExpWStdBHLBN,D9550002,BANKNIFTY22NOV2343600CE,1663.5,0,1663.5,2400000
655d83d70bc4ecf4b936e56a,ExpWStdBHLBN,B1700057,BANKNIFTY22NOV2343600CE,1669.2,0,1669.2,5000000
655d83d70bc4ecf4b936e56b,ExpWStdBHLBN,D8460002,BANKNIFTY22NOV2343600CE,3336,0,3336,2700000
655d83d70bc4ecf4b936e56c,ExpWStdBHLBN,D8460002,BANKNIFTY22NOV2342700PE,9,0,9,2700000
655d83d70bc4ecf4b936e56d,ExpWStdBHLBN,D9550002,BANKNIFTY22NOV2342700PE,4.5,0,4.5,2400000
655d83d70bc4ecf4b936e56e,ExpWStdBHLBN,B1700057,BANKNIFTY22NOV2342700PE,4.5,0,4.5,5000000
655d83d70bc4ecf4b936e56f,ExpiryWedBHLBN,D7730008,BANKNIFTY22NOV2343600CE,1686,0,1686,2000000
655d83d70bc4ecf4b936e570,ExpiryWedBHLBN,D8460005,BANKNIFTY22NOV2343600CE,1686,0,1686,1400000
655d83d70bc4ecf4b936e571,ExpiryWedBHLBN,D9550005,BANKNIFTY22NOV2343600CE,1687.5,0,1687.5,1000000
655d83d70bc4ecf4b936e572,ExpiryWedBHLBN,D8460006,BANKNIFTY22NOV2343600CE,1684.5,0,1684.5,1000000
655d83d70bc4ecf4b936e573,ExpiryWedBHLBN,D8460002,BANKNIFTY22NOV2343600CE,3372,0,3372,2700000
655d83d70bc4ecf4b936e574,ExpiryWedBHLBN,D7730007,BANKNIFTY22NOV2343600CE,1693.2,0,1693.2,1800000
655d83d70bc4ecf4b936e575,ExpiryWedBHLBN,B1700057,BANKNIFTY22NOV2343600CE,1686,0,1686,5000000
655d83d70bc4ecf4b936e576,ExpiryWedBHLBN,D0350354,BANKNIFTY22NOV2343600CE,1686,0,1686,600000
655d83d70bc4ecf4b936e577,ExpiryWedBHLBN,D9550017,BANKNIFTY22NOV2343600CE,1686,0,1686,1000000
655d83d70bc4ecf4b936e578,ExpiryWedBHLBN,D9550002,BANKNIFTY22NOV2343600CE,1692,0,1692,2400000
655d89b00bc4ecf4b936e579,DRB_BN,D9550016,BANKNIFTY30NOV2346000CE,-4.5,0,-4.5,1600000
655d89b00bc4ecf4b936e57a,DM_BN_3X,B1700057,BANKNIFTY22NOV2343400CE,0,1826.25,1826.25,5000000
655d89b00bc4ecf4b936e57b,DRB_BN,D8460002,BANKNIFTY30NOV2346000CE,-9,0,-9,2700000
655d89b00bc4ecf4b936e57c,DM_BN_3X,D9550016,BANKNIFTY22NOV2343400CE,0,3636,3636,1600000
655d89b00bc4ecf4b936e57d,DRB_BN,D7730022,BANKNIFTY30NOV2346000CE,-9,0,-9,650000
655d89b00bc4ecf4b936e57e,FDRS_BN,D9550016,BANKNIFTY30NOV2346000CE,-4.5,0,-4.5,1600000
655d89b00bc4ecf4b936e57f,RenkoExpBN,D9550002,BANKNIFTY22NOV2343500CE,1980,0,1980,2400000
655d89b00bc4ecf4b936e580,RenkoExpBN,D7730007,BANKNIFTY22NOV2343500CE,1974,0,1974,1800000
655d89b00bc4ecf4b936e581,RenkoExpBN,D8460002,BANKNIFTY22NOV2343500CE,3950.85,0,3950.85,2700000
655d89b00bc4ecf4b936e582,FDRS_BN,B1700057,BANKNIFTY30NOV2346000CE,-4.5,0,-4.5,5000000
655d89b00bc4ecf4b936e583,RenkoExpBN,D7730008,BANKNIFTY22NOV2343500CE,1975.5,0,1975.5,2000000
655d89b00bc4ecf4b936e584,RenkoExpBN,B1700057,BANKNIFTY22NOV2343500CE,3954,0,3954,5000000
655d89b00bc4ecf4b936e585,DRB_BN,D7730022,BANKNIFTY30NOV2343600CE,0,3224.7,3224.7,650000
655d89b00bc4ecf4b936e586,DRB_BN,D9550016,BANKNIFTY30NOV2343600CE,0,1604.25,1604.25,1600000
655d89b00bc4ecf4b936e587,DRB_BN,D8460002,BANKNIFTY30NOV2343600CE,0,3213,3213,2700000
655d89b00bc4ecf4b936e588,FDRS_BN,D9550016,BANKNIFTY30NOV2343600CE,1443,0,1443,1600000
655d89b00bc4ecf4b936e589,FDRS_BN,B1700057,BANKNIFTY30NOV2343600CE,1435.5,0,1435.5,5000000
655d8a250bc4ecf4b936e58a,ExpiryWedBHLBN,D8460002,BANKNIFTY22NOV2344600CE,-18,0,-18,2700000
655d8a250bc4ecf4b936e58b,ExpiryWedBHLBN,D0350354,BANKNIFTY22NOV2344600CE,-9,0,-9,600000
655d8a250bc4ecf4b936e58c,ExpiryWedBHLBN,D8460005,BANKNIFTY22NOV2344600CE,-9,0,-9,1400000
655d8a250bc4ecf4b936e58d,ExpiryWedBHLBN,D9550005,BANKNIFTY22NOV2344600CE,-9,0,-9,1000000
655d8a250bc4ecf4b936e58e,ExpiryWedBHLBN,D8460006,BANKNIFTY22NOV2344600CE,-9,0,-9,1000000
655d8a250bc4ecf4b936e58f,ExpiryWedBHLBN,D7730007,BANKNIFTY22NOV2344600CE,-9,0,-9,1800000
655d8a250bc4ecf4b936e590,ExpiryWedBHLBN,D9550017,BANKNIFTY22NOV2344600CE,-9,0,-9,1000000
655d8a250bc4ecf4b936e591,ExpiryWedBHLBN,D7730008,BANKNIFTY22NOV2344600CE,-9,0,-9,2000000
655d8a250bc4ecf4b936e592,ExpiryWedBHLBN,D9550002,BANKNIFTY22NOV2344600CE,-9,0,-9,2400000
655d8a250bc4ecf4b936e593,ExpiryWedBHLBN,B1700057,BANKNIFTY22NOV2344600CE,-9,0,-9,5000000
655d8a250bc4ecf4b936e594,ExpWStdBHLBN,D8460002,BANKNIFTY22NOV2344600CE,12,0,12,2700000
655d8a250bc4ecf4b936e595,ExpWStdBHLBN,D9550002,BANKNIFTY22NOV2344600CE,6,0,6,2400000
655d8a250bc4ecf4b936e596,ExpWStdBHLBN,B1700057,BANKNIFTY22NOV2344600CE,6,0,6,5000000
655d8a250bc4ecf4b936e597,ExpiryBHLBN,B1700057,BANKNIFTY22NOV2344600CE,2.25,0,2.25,5000000
655d8a2a0bc4ecf4b936e598,ExpiryWedBHLBN,D9550017,BANKNIFTY22NOV2343500CE,1780.5,0,1780.5,1000000
655d8a2a0bc4ecf4b936e599,ExpiryWedBHLBN,D8460005,BANKNIFTY22NOV2343500CE,1780.5,0,1780.5,1400000
655d8a2a0bc4ecf4b936e59a,ExpiryWedBHLBN,D7730008,BANKNIFTY22NOV2343500CE,1779,0,1779,2000000
655d8a2a0bc4ecf4b936e59b,ExpiryWedBHLBN,B1700057,BANKNIFTY22NOV2343500CE,1774.5,0,1774.5,5000000
655d8a2a0bc4ecf4b936e59c,ExpiryWedBHLBN,D9550002,BANKNIFTY22NOV2343500CE,1774.5,0,1774.5,2400000
655d8a2a0bc4ecf4b936e59d,ExpiryWedBHLBN,D9550005,BANKNIFTY22NOV2343500CE,1779,0,1779,1000000
655d8a2a0bc4ecf4b936e59e,ExpiryWedBHLBN,D7730007,BANKNIFTY22NOV2343500CE,1779,0,1779,1800000
655d8a2a0bc4ecf4b936e59f,ExpiryWedBHLBN,D8460006,BANKNIFTY22NOV2343500CE,1774.5,0,1774.5,1000000
655d8a2a0bc4ecf4b936e5a0,ExpiryWedBHLBN,D8460002,BANKNIFTY22NOV2343500CE,3556.8,0,3556.8,2700000
655d8a2a0bc4ecf4b936e5a1,ExpiryWedBHLBN,D0350354,BANKNIFTY22NOV2343500CE,1779,0,1779,600000
655d8a2a0bc4ecf4b936e5a2,ExpWStdBHLBN,B1700057,BANKNIFTY22NOV2343500CE,0,2142,2142,5000000
655d8a2a0bc4ecf4b936e5a3,ExpWStdBHLBN,D8460002,BANKNIFTY22NOV2343500CE,0,4283.85,4283.85,2700000
655d8a2a0bc4ecf4b936e5a4,ExpWStdBHLBN,D9550002,BANKNIFTY22NOV2343500CE,0,2142,2142,2400000
655d8a2a0bc4ecf4b936e5a5,ExpiryBHLBN,B1700057,BANKNIFTY22NOV2343500CE,840.75,0,840.75,5000000
655d8add0bc4ecf4b936e5a6,2CCBHiLoBN,D8460002,BANKNIFTY30NOV2343500CE,0,6790.5,6790.5,2700000
655d8add0bc4ecf4b936e5a7,2CCBHiLoBN,D9550016,BANKNIFTY30NOV2343500CE,0,6786,6786,1600000
655d8add0bc4ecf4b936e5a8,2CCBHiLoBN,D7730022,BANKNIFTY30NOV2343500CE,0,6790.5,6790.5,650000
655d8add0bc4ecf4b936e5a9,2BHiLoBNDy,D8460002,BANKNIFTY30NOV2343500CE,0,13602,13602,2700000
655d8add0bc4ecf4b936e5aa,2BHiLoBNDy,D7730007,BANKNIFTY30NOV2343500CE,0,6799.5,6799.5,1800000
655d8add0bc4ecf4b936e5ab,2BHiLoBNDy,D8460007,BANKNIFTY30NOV2343500CE,0,6792,6792,1700000
655d8add0bc4ecf4b936e5ac,2BHiLoBNDy,D7730008,BANKNIFTY30NOV2343500CE,0,6792,6792,2000000
655d8add0bc4ecf4b936e5ad,2BHiLoBNDy,D9550012,BANKNIFTY30NOV2343500CE,0,6798,6798,3000000
655d8add0bc4ecf4b936e5ae,2BHiLoBNDy,B1700057,BANKNIFTY30NOV2343500CE,0,13614,13614,5000000
655d8add0bc4ecf4b936e5af,2BHiLoBNDy,D9550002,BANKNIFTY30NOV2343500CE,0,6805.2,6805.2,2400000
655d8add0bc4ecf4b936e5b0,2BHLBN,D8460002,BANKNIFTY30NOV2343500CE,0,6799.5,6799.5,2700000
655d8add0bc4ecf4b936e5b1,2BHLBN,D7730022,BANKNIFTY30NOV2343500CE,0,6799.5,6799.5,650000
655d8b120bc4ecf4b936e5b2,RenkoExpBN,B1700057,BANKNIFTY22NOV2343400CE,6093,0,6093,5000000
655d8b120bc4ecf4b936e5b3,RenkoExpBN,D8460002,BANKNIFTY22NOV2343400CE,6093,0,6093,2700000
655d8b120bc4ecf4b936e5b4,RenkoExpBN,D7730008,BANKNIFTY22NOV2343400CE,3045,0,3045,2000000
655d8b120bc4ecf4b936e5b5,RenkoExpBN,D7730007,BANKNIFTY22NOV2343400CE,3045,0,3045,1800000
655d8b120bc4ecf4b936e5b6,RenkoExpBN,D9550002,BANKNIFTY22NOV2343400CE,3052.05,0,3052.05,2400000
655d8fa90bc4ecf4b936e5b7,zMarginManager_D9550016,D9550016,BANKNIFTY22NOV2344100CE,0,7.5,7.5,1600000
655d95680bc4ecf4b936e5b8,2CCBHiLoN,D9550002,NIFTY23NOV2319750CE,0,2842.5,2842.5,2400000
655d95680bc4ecf4b936e5b9,2CCBHiLoN,D8460007,NIFTY23NOV2319750CE,0,2830,2830,1700000
655d95680bc4ecf4b936e5ba,2CCBHiLoN,D7730008,NIFTY23NOV2319750CE,0,2830,2830,2000000
655d95680bc4ecf4b936e5bb,2CCBHiLoN,D7730022,NIFTY23NOV2319750CE,0,2830,2830,650000
655d95680bc4ecf4b936e5bc,2CCBHiLoN,D7730007,NIFTY23NOV2319750CE,0,2832.5,2832.5,1800000
655d95680bc4ecf4b936e5bd,2CCBHiLoN,D8460002,NIFTY23NOV2319750CE,0,8494.5,8494.5,2700000
655d95680bc4ecf4b936e5be,2CCBHiLoN,B1700057,NIFTY23NOV2319750CE,0,5685,5685,5000000
655d95680bc4ecf4b936e5bf,2CCBHiLoN,D9550012,NIFTY23NOV2319750CE,0,2830,2830,3000000
655d95680bc4ecf4b936e5c0,2CCBHiLoN,D9550016,NIFTY23NOV2319750CE,0,2835,2835,1600000
655d95680bc4ecf4b936e5c1,2BHLN,D8460002,NIFTY23NOV2320050CE,0,32.5,32.5,2700000
655d95680bc4ecf4b936e5c2,2BHLN,D7730022,NIFTY23NOV2320050CE,0,32.5,32.5,650000
655d9b430bc4ecf4b936e5c3,2CCFilterVRFN,D8460002,NIFTY23NOV2319600CE,0,4132.5,4132.5,2700000
655d9b430bc4ecf4b936e5c4,2CCFilterVRFN,B1700057,NIFTY23NOV2319600CE,0,4132.5,4132.5,5000000
655d9b430bc4ecf4b936e5c5,2CCFilterVRFN,D7730022,NIFTY23NOV2319600CE,0,4132.5,4132.5,650000
655d9c710bc4ecf4b936e5c6,2CCBHiLoBN,D8460002,BANKNIFTY30NOV2345200CE,0,72,72,2700000
655d9c710bc4ecf4b936e5c7,2CCBHiLoBN,D9550016,BANKNIFTY30NOV2345200CE,0,72,72,1600000
655d9c710bc4ecf4b936e5c8,ExpiryWedBHLBN,D7730008,BANKNIFTY22NOV2344000CE,6,0,6,2000000
655d9c710bc4ecf4b936e5c9,2CCBHiLoBN,D7730022,BANKNIFTY30NOV2345200CE,0,72,72,650000
655d9c710bc4ecf4b936e5ca,ExpiryWedBHLBN,D0350354,BANKNIFTY22NOV2344000CE,6,0,6,600000
655d9c710bc4ecf4b936e5cb,ExpiryWedBHLBN,D8460005,BANKNIFTY22NOV2344000CE,6,0,6,1400000
655d9c710bc4ecf4b936e5cc,ExpiryWedBHLBN,D7730007,BANKNIFTY22NOV2344000CE,6,0,6,1800000
655d9c710bc4ecf4b936e5cd,ExpiryWedBHLBN,D9550002,BANKNIFTY22NOV2344000CE,6,0,6,2400000
655d9c710bc4ecf4b936e5ce,ExpiryWedBHLBN,D8460002,BANKNIFTY22NOV2344000CE,12,0,12,2700000
655d9c710bc4ecf4b936e5cf,ExpiryWedBHLBN,D9550005,BANKNIFTY22NOV2344000CE,6,0,6,1000000
655d9c710bc4ecf4b936e5d0,ExpiryWedBHLBN,D8460006,BANKNIFTY22NOV2344000CE,6,0,6,1000000
655d9c710bc4ecf4b936e5d1,ExpiryWedBHLBN,D9550017,BANKNIFTY22NOV2344000CE,6,0,6,1000000
655d9c710bc4ecf4b936e5d2,ExpWStdBHLBN,D8460002,BANKNIFTY22NOV2344000CE,39,0,39,2700000
655d9c710bc4ecf4b936e5d3,ExpiryWedBHLBN,B1700057,BANKNIFTY22NOV2344000CE,6,0,6,5000000
655d9c710bc4ecf4b936e5d4,ExpWStdBHLBN,D9550002,BANKNIFTY22NOV2344000CE,18,0,18,2400000
655d9c710bc4ecf4b936e5d5,ExpWStdBHLBN,B1700057,BANKNIFTY22NOV2344000CE,19.5,0,19.5,5000000
655d9c710bc4ecf4b936e5d6,2CCFilterVRFBN,D8460002,BANKNIFTY30NOV2343500CE,0,3120,3120,2700000
655d9c710bc4ecf4b936e5d7,2CCFilterVRFBN,D7730022,BANKNIFTY30NOV2343500CE,0,3117,3117,650000
655d9c710bc4ecf4b936e5d8,2CCFilterVRFBN,B1700057,BANKNIFTY30NOV2343500CE,0,3117,3117,5000000
655d9c710bc4ecf4b936e5d9,2BHiLoBNDy,D8460002,BANKNIFTY30NOV2345300CE,0,132,132,2700000
655d9c710bc4ecf4b936e5da,2BHiLoBNDy,B1700057,BANKNIFTY30NOV2345300CE,0,132,132,5000000
655d9c710bc4ecf4b936e5db,2BHiLoBNDy,D7730007,BANKNIFTY30NOV2345300CE,0,66,66,1800000
655d9c710bc4ecf4b936e5dc,2BHiLoBNDy,D9550002,BANKNIFTY30NOV2345300CE,0,66,66,2400000
655d9c710bc4ecf4b936e5dd,2BHLBN,D7730022,BANKNIFTY30NOV2345300CE,0,66,66,650000
655d9c710bc4ecf4b936e5de,2BHiLoBNDy,D9550012,BANKNIFTY30NOV2345300CE,0,66,66,3000000
655d9c710bc4ecf4b936e5df,2BHiLoBNDy,D8460007,BANKNIFTY30NOV2345300CE,0,66,66,1700000
655d9c710bc4ecf4b936e5e0,2BHiLoBNDy,D7730008,BANKNIFTY30NOV2345300CE,0,66,66,2000000
655d9c710bc4ecf4b936e5e1,2BHLBN,D8460002,BANKNIFTY30NOV2345300CE,0,66,66,2700000
655d9c710bc4ecf4b936e5e2,ExpiryWedBHLBN,D9550002,BANKNIFTY22NOV2343400CE,0,2637,2637,2400000
655d9c710bc4ecf4b936e5e3,ExpiryWedBHLBN,D8460002,BANKNIFTY22NOV2343400CE,0,5273.85,5273.85,2700000
655d9c710bc4ecf4b936e5e4,ExpiryWedBHLBN,D7730007,BANKNIFTY22NOV2343400CE,0,2638.5,2638.5,1800000
655d9c710bc4ecf4b936e5e5,ExpiryWedBHLBN,D9550005,BANKNIFTY22NOV2343400CE,0,2635.5,2635.5,1000000
655d9c710bc4ecf4b936e5e6,ExpiryWedBHLBN,D7730008,BANKNIFTY22NOV2343400CE,0,2638.5,2638.5,2000000
655d9c710bc4ecf4b936e5e7,ExpiryWedBHLBN,D9550017,BANKNIFTY22NOV2343400CE,0,2644.5,2644.5,1000000
655d9c710bc4ecf4b936e5e8,ExpiryWedBHLBN,B1700057,BANKNIFTY22NOV2343400CE,0,2641.5,2641.5,5000000
655d9c710bc4ecf4b936e5e9,ExpiryWedBHLBN,D0350354,BANKNIFTY22NOV2343400CE,0,2643,2643,600000
655d9c710bc4ecf4b936e5ea,ExpWStdBHLBN,B1700057,BANKNIFTY22NOV2343400CE,0,2650.5,2650.5,5000000
655d9c710bc4ecf4b936e5eb,ExpiryWedBHLBN,D8460006,BANKNIFTY22NOV2343400CE,0,2643,2643,1000000
655d9c710bc4ecf4b936e5ec,ExpWStdBHLBN,D8460002,BANKNIFTY22NOV2343400CE,0,5310,5310,2700000
655d9c710bc4ecf4b936e5ed,ExpWStdBHLBN,D9550002,BANKNIFTY22NOV2343400CE,0,2650.5,2650.5,2400000
655d9c710bc4ecf4b936e5ee,ExpiryWedBHLBN,D8460005,BANKNIFTY22NOV2343400CE,0,2686.5,2686.5,1400000
655d9c930bc4ecf4b936e5ef,ExpWStdBHLBN,D8460002,BANKNIFTY22NOV2342300PE,-3,0,-3,2700000
655d9c930bc4ecf4b936e5f0,ExpWStdBHLBN,D9550002,BANKNIFTY22NOV2342300PE,-1.5,0,-1.5,2400000
655d9c930bc4ecf4b936e5f1,ExpWStdBHLBN,B1700057,BANKNIFTY22NOV2342300PE,-1.5,0,-1.5,5000000
655d9c990bc4ecf4b936e5f2,ExpWStdBHLBN,B1700057,BANKNIFTY22NOV2343300PE,-1033.5,0,-1033.5,5000000
655d9c990bc4ecf4b936e5f3,ExpWStdBHLBN,D9550002,BANKNIFTY22NOV2343300PE,-1033.95,0,-1033.95,2400000
655d9c990bc4ecf4b936e5f4,ExpWStdBHLBN,D8460002,BANKNIFTY22NOV2343300PE,-2040.9,0,-2040.9,2700000
655d9caa0bc4ecf4b936e5f5,DOZB_BN,B1700057,BANKNIFTY22NOV2343400CE,0,946.5,946.5,5000000
655d9caa0bc4ecf4b936e5f6,DOZ_BN,D9550012,BANKNIFTY22NOV2344100CE,0,51,51,3000000
655d9caa0bc4ecf4b936e5f7,DOZ_BN,D9550016,BANKNIFTY22NOV2344100CE,0,51,51,1600000
655d9caa0bc4ecf4b936e5f8,DOZ_BN,B1700057,BANKNIFTY22NOV2344100CE,0,12.75,12.75,5000000
655d9caa0bc4ecf4b936e5f9,DOZ_BN,D9550016,BANKNIFTY22NOV2343400CE,0,3445.2,3445.2,1600000
655d9caa0bc4ecf4b936e5fa,DOZ_BN,B1700057,BANKNIFTY22NOV2343400CE,0,861.75,861.75,5000000
655d9caa0bc4ecf4b936e5fb,DOZ_BN,D9550012,BANKNIFTY22NOV2343400CE,0,3444,3444,3000000
655d9ce40bc4ecf4b936e5fc,DOZB_BN,B1700057,BANKNIFTY22NOV2343300PE,-1286.25,0,-1286.25,5000000
655d9ce40bc4ecf4b936e5fd,DOZ_BN,D9550016,BANKNIFTY22NOV2343300PE,0,-5400,-5400,1600000
655d9ce40bc4ecf4b936e5fe,DOZ_BN,D9550012,BANKNIFTY22NOV2343300PE,0,-5376,-5376,3000000
655d9ce40bc4ecf4b936e5ff,DOZ_BN,B1700057,BANKNIFTY22NOV2343300PE,0,-1344,-1344,5000000
655d9d220bc4ecf4b936e600,ExpiryBHLBN,B1700057,BANKNIFTY22NOV2344000CE,0,4.5,4.5,5000000
655d9d280bc4ecf4b936e601,ExpiryBHLBN,B1700057,BANKNIFTY22NOV2343300CE,0,1143,1143,5000000
655d9d5a0bc4ecf4b936e602,RenkoExpBN,D8460002,BANKNIFTY22NOV2343300CE,0,3927,3927,2700000
655d9d5a0bc4ecf4b936e603,RenkoExpBN,D7730007,BANKNIFTY22NOV2343300CE,0,1960.5,1960.5,1800000
655d9d5a0bc4ecf4b936e604,RenkoExpBN,B1700057,BANKNIFTY22NOV2343300CE,0,3900,3900,5000000
655d9d5a0bc4ecf4b936e605,RenkoExpBN,D7730008,BANKNIFTY22NOV2343300CE,0,1950,1950,2000000
655d9d5a0bc4ecf4b936e606,RenkoExpBN,D9550002,BANKNIFTY22NOV2343300CE,0,1950,1950,2400000
655d9d990bc4ecf4b936e607,DRB_N,D7730022,NIFTY23NOV2320100CE,35,0,35,650000
655d9d990bc4ecf4b936e608,DRB_N,D8460002,NIFTY23NOV2320100CE,35,0,35,2700000
655d9d990bc4ecf4b936e609,DRB_N,D9550016,NIFTY23NOV2320100CE,35,0,35,1600000
655d9d990bc4ecf4b936e60a,DRBS_N,B1700057,NIFTY23NOV2320100CE,22.5,0,22.5,5000000
655d9d9e0bc4ecf4b936e60b,ExpWStdBHLBN,D8460002,BANKNIFTY22NOV2342400PE,0,51,51,2700000
655d9d9e0bc4ecf4b936e60c,ExpWStdBHLBN,B1700057,BANKNIFTY22NOV2342400PE,0,25.5,25.5,5000000
655d9d9e0bc4ecf4b936e60d,ExpWStdBHLBN,D9550002,BANKNIFTY22NOV2342400PE,0,25.5,25.5,2400000
655d9da40bc4ecf4b936e60e,ExpWStdBHLBN,D8460002,BANKNIFTY22NOV2343200PE,0,-4527,-4527,2700000
655d9da40bc4ecf4b936e60f,ExpWStdBHLBN,B1700057,BANKNIFTY22NOV2343200PE,0,-2263.5,-2263.5,5000000
655d9da40bc4ecf4b936e610,ExpWStdBHLBN,D9550002,BANKNIFTY22NOV2343200PE,0,-2268,-2268,2400000
655d9f020bc4ecf4b936e611,DOZ_BN,D9550016,BANKNIFTY22NOV2343300CE,0,3167.4,3167.4,1600000
655d9f020bc4ecf4b936e612,DOZB_BN,B1700057,BANKNIFTY22NOV2343300CE,0,791.25,791.25,5000000
655d9f020bc4ecf4b936e613,DOZ_BN,D9550012,BANKNIFTY22NOV2343300CE,0,3165,3165,3000000
655d9f020bc4ecf4b936e614,DOZ_BN,B1700057,BANKNIFTY22NOV2343300CE,0,790.5,790.5,5000000
655da0a30bc4ecf4b936e615,Exp3StatBN,B1700057,BANKNIFTY22NOV2342700PE,84,0,84,5000000
655da0a80bc4ecf4b936e616,Exp3StatBN,B1700057,BANKNIFTY22NOV2343400PE,-5832,0,-5832,5000000
655da2100bc4ecf4b936e617,ExpiryBHLBN,B1700057,BANKNIFTY22NOV2342900PE,44.25,0,44.25,5000000
655da2100bc4ecf4b936e618,ExpiryBHLBN,B1700057,BANKNIFTY22NOV2343400PE,-768,0,-768,5000000
655da36f0bc4ecf4b936e619,ExpWStdBHLBN,D9550002,BANKNIFTY22NOV2342200PE,0,1.5,1.5,2400000
655da36f0bc4ecf4b936e61a,ExpWStdBHLBN,B1700057,BANKNIFTY22NOV2342200PE,0,1.5,1.5,5000000
655da36f0bc4ecf4b936e61b,ExpWStdBHLBN,D8460002,BANKNIFTY22NOV2342200PE,0,3,3,2700000
655da3760bc4ecf4b936e61c,RenkoExpBN,D7730007,BANKNIFTY22NOV2343200CE,0,1009.5,1009.5,1800000
655da3760bc4ecf4b936e61d,RenkoExpBN,D8460002,BANKNIFTY22NOV2343200CE,0,2040,2040,2700000
655da3760bc4ecf4b936e61e,RenkoExpBN,D7730008,BANKNIFTY22NOV2343200CE,0,1020,1020,2000000
655da3760bc4ecf4b936e61f,RenkoExpBN,B1700057,BANKNIFTY22NOV2343200CE,0,1989,1989,5000000
655da3760bc4ecf4b936e620,RenkoExpBN,D9550002,BANKNIFTY22NOV2343200CE,0,994.5,994.5,2400000
655da37b0bc4ecf4b936e621,DOZB_BN,B1700057,BANKNIFTY22NOV2343200PE,0,-403.5,-403.5,5000000
655da51a0bc4ecf4b936e622,DRBS_N,B1700057,NIFTY23NOV2319300PE,2.5,0,2.5,5000000
655da5c90bc4ecf4b936e623,DOZB_BN,B1700057,BANKNIFTY22NOV2343200CE,0,3,3,5000000
655da5ca0bc4ecf4b936e624,DOZ_BN,D9550016,BANKNIFTY22NOV2343200CE,0,16.5,16.5,1600000
655da5ca0bc4ecf4b936e625,DOZ_BN,D9550012,BANKNIFTY22NOV2343200CE,0,16.2,16.2,3000000
655da5ce0bc4ecf4b936e626,DOZ_BN,B1700057,BANKNIFTY22NOV2343200CE,0,0.75,0.75,5000000
